//i, E_v (MeV), dPhi/dE_v (num_v / MeV / cm^2 / s), for 4.6 GW at 30 m

0 0.000500 1.408628e+10
1 0.001500 4.225883e+10
2 0.002500 7.043139e+10
3 0.003500 9.860394e+10
4 0.004500 1.267765e+11
5 0.005500 1.549491e+11
6 0.006500 1.831216e+11
7 0.007500 2.112942e+11
8 0.008500 2.534128e+11
9 0.009500 3.018852e+11
10 0.010500 3.503577e+11
11 0.011500 3.988302e+11
12 0.012500 4.473027e+11
13 0.013500 4.957751e+11
14 0.014500 5.442476e+11
15 0.015500 5.927201e+11
16 0.016500 6.647087e+11
17 0.017500 7.402112e+11
18 0.018500 8.128929e+11
19 0.019500 8.837895e+11
20 0.020500 9.546861e+11
21 0.021500 1.025583e+12
22 0.022500 1.096479e+12
23 0.023500 1.174728e+12
24 0.024500 1.260280e+12
25 0.025500 1.345832e+12
26 0.026500 1.417515e+12
27 0.027500 1.488412e+12
28 0.028500 1.559308e+12
29 0.029500 1.630205e+12
30 0.030500 1.701101e+12
31 0.031500 1.745045e+12
32 0.032500 1.735256e+12
33 0.033500 1.725467e+12
34 0.034500 1.715678e+12
35 0.035500 1.705889e+12
36 0.036500 1.695568e+12
37 0.037500 1.685046e+12
38 0.038500 1.674524e+12
39 0.039500 1.664003e+12
40 0.040500 1.653481e+12
41 0.041500 1.642059e+12
42 0.042500 1.630071e+12
43 0.043500 1.618084e+12
44 0.044500 1.606096e+12
45 0.045500 1.594109e+12
46 0.046500 1.581015e+12
47 0.047500 1.566829e+12
48 0.048500 1.552644e+12
49 0.049500 1.538458e+12
50 0.050500 1.524272e+12
51 0.051500 1.509415e+12
52 0.052500 1.493520e+12
53 0.053500 1.477624e+12
54 0.054500 1.461729e+12
55 0.055500 1.445833e+12
56 0.056500 1.429938e+12
57 0.057500 1.414042e+12
58 0.058500 1.398147e+12
59 0.059500 1.381364e+12
60 0.060500 1.364247e+12
61 0.061500 1.347131e+12
62 0.062500 1.330014e+12
63 0.063500 1.353839e+12
64 0.064500 1.377664e+12
65 0.065500 1.401488e+12
66 0.066500 1.425313e+12
67 0.067500 1.449138e+12
68 0.068500 1.472963e+12
69 0.069500 1.496417e+12
70 0.070500 1.519509e+12
71 0.071500 1.542602e+12
72 0.072500 1.565694e+12
73 0.073500 1.588786e+12
74 0.074500 1.611878e+12
75 0.075500 1.634970e+12
76 0.076500 1.658062e+12
77 0.077500 1.681154e+12
78 0.078500 1.704246e+12
79 0.079500 1.726922e+12
80 0.080500 1.748549e+12
81 0.081500 1.770175e+12
82 0.082500 1.791802e+12
83 0.083500 1.813428e+12
84 0.084500 1.835055e+12
85 0.085500 1.856682e+12
86 0.086500 1.878308e+12
87 0.087500 1.899633e+12
88 0.088500 1.920771e+12
89 0.089500 1.941909e+12
90 0.090500 1.963047e+12
91 0.091500 1.984185e+12
92 0.092500 2.005323e+12
93 0.093500 2.026461e+12
94 0.094500 2.047599e+12
95 0.095500 2.064322e+12
96 0.096500 2.080819e+12
97 0.097500 2.097316e+12
98 0.098500 2.113813e+12
99 0.099500 2.130311e+12
100 0.100500 2.141263e+12
101 0.101500 2.151166e+12
102 0.102500 2.123201e+12
103 0.103500 2.131637e+12
104 0.104500 2.140074e+12
105 0.105500 2.148511e+12
106 0.106500 2.156948e+12
107 0.107500 2.163850e+12
108 0.108500 2.163493e+12
109 0.109500 2.163137e+12
110 0.110500 2.166411e+12
111 0.111500 2.171917e+12
112 0.112500 2.177703e+12
113 0.113500 2.187606e+12
114 0.114500 2.197508e+12
115 0.115500 2.207411e+12
116 0.116500 2.217313e+12
117 0.117500 2.227215e+12
118 0.118500 2.248293e+12
119 0.119500 2.269919e+12
120 0.120500 2.296792e+12
121 0.121500 2.331609e+12
122 0.122500 2.366425e+12
123 0.123500 2.403710e+12
124 0.124500 2.441457e+12
125 0.125500 2.467903e+12
126 0.126500 2.482424e+12
127 0.127500 2.496944e+12
128 0.128500 2.512537e+12
129 0.129500 2.528523e+12
130 0.130500 2.544250e+12
131 0.131500 2.558771e+12
132 0.132500 2.573291e+12
133 0.133500 2.589631e+12
134 0.134500 2.607083e+12
135 0.135500 2.625207e+12
136 0.136500 2.652917e+12
137 0.137500 2.680627e+12
138 0.138500 2.702355e+12
139 0.139500 2.718341e+12
140 0.140500 2.734327e+12
141 0.141500 2.748914e+12
142 0.142500 2.763434e+12
143 0.143500 2.777955e+12
144 0.144500 2.792475e+12
145 0.145500 2.806995e+12
146 0.146500 2.832649e+12
147 0.147500 2.860359e+12
148 0.148500 2.884684e+12
149 0.149500 2.900670e+12
150 0.150500 2.916656e+12
151 0.151500 2.932642e+12
152 0.152500 2.948628e+12
153 0.153500 2.964614e+12
154 0.154500 2.980600e+12
155 0.155500 2.996585e+12
156 0.156500 3.011659e+12
157 0.157500 3.026179e+12
158 0.158500 3.040798e+12
159 0.159500 3.056784e+12
160 0.160500 3.072770e+12
161 0.161500 3.094008e+12
162 0.162500 3.120252e+12
163 0.163500 3.146497e+12
164 0.164500 3.162928e+12
165 0.165500 3.178914e+12
166 0.166500 3.194900e+12
167 0.167500 3.210886e+12
168 0.168500 3.226872e+12
169 0.169500 3.242858e+12
170 0.170500 3.258844e+12
171 0.171500 3.274404e+12
172 0.172500 3.288924e+12
173 0.173500 3.303445e+12
174 0.174500 3.327661e+12
175 0.175500 3.355371e+12
176 0.176500 3.380974e+12
177 0.177500 3.396960e+12
178 0.178500 3.412946e+12
179 0.179500 3.428932e+12
180 0.180500 3.444917e+12
181 0.181500 3.460802e+12
182 0.182500 3.475323e+12
183 0.183500 3.489843e+12
184 0.184500 3.505116e+12
185 0.185500 3.521102e+12
186 0.186500 3.537088e+12
187 0.187500 3.564309e+12
188 0.188500 3.592019e+12
189 0.189500 3.615005e+12
190 0.190500 3.630991e+12
191 0.191500 3.646977e+12
192 0.192500 3.661721e+12
193 0.193500 3.676241e+12
194 0.194500 3.690976e+12
195 0.195500 3.706229e+12
196 0.196500 3.721482e+12
197 0.197500 3.736735e+12
198 0.198500 3.751988e+12
199 0.199500 3.767374e+12
200 0.200500 3.783360e+12
201 0.201500 3.799346e+12
202 0.202500 3.815332e+12
203 0.203500 3.831318e+12
204 0.204500 3.847200e+12
205 0.205500 3.861721e+12
206 0.206500 3.876241e+12
207 0.207500 3.896803e+12
208 0.208500 3.923048e+12
209 0.209500 3.949292e+12
210 0.210500 3.965689e+12
211 0.211500 3.981675e+12
212 0.212500 3.997661e+12
213 0.213500 4.013647e+12
214 0.214500 4.029633e+12
215 0.215500 4.045619e+12
216 0.216500 4.061605e+12
217 0.217500 4.077160e+12
218 0.218500 4.091680e+12
219 0.219500 4.106201e+12
220 0.220500 4.120721e+12
221 0.221500 4.135241e+12
222 0.222500 4.150030e+12
223 0.223500 4.166016e+12
224 0.224500 4.182002e+12
225 0.225500 4.197068e+12
226 0.226500 4.211588e+12
227 0.227500 4.226109e+12
228 0.228500 4.240629e+12
229 0.229500 4.255149e+12
230 0.230500 4.269670e+12
231 0.231500 4.284190e+12
232 0.232500 4.298711e+12
233 0.233500 4.308298e+12
234 0.234500 4.317689e+12
235 0.235500 4.327080e+12
236 0.236500 4.336472e+12
237 0.237500 4.345863e+12
238 0.238500 4.359618e+12
239 0.239500 4.374139e+12
240 0.240500 4.388659e+12
241 0.241500 4.403180e+12
242 0.242500 4.417700e+12
243 0.243500 4.433305e+12
244 0.244500 4.449291e+12
245 0.245500 4.465277e+12
246 0.246500 4.481263e+12
247 0.247500 4.497249e+12
248 0.248500 4.512312e+12
249 0.249500 4.526833e+12
250 0.250500 4.541842e+12
251 0.251500 4.557342e+12
252 0.252500 4.572841e+12
253 0.253500 4.594422e+12
254 0.254500 4.621646e+12
255 0.255500 4.648869e+12
256 0.256500 4.661974e+12
257 0.257500 4.674542e+12
258 0.258500 4.687111e+12
259 0.259500 4.699679e+12
260 0.260500 4.712247e+12
261 0.261500 4.736061e+12
262 0.262500 4.761819e+12
263 0.263500 4.784528e+12
264 0.264500 4.800027e+12
265 0.265500 4.815526e+12
266 0.266500 4.831025e+12
267 0.267500 4.846525e+12
268 0.268500 4.864758e+12
269 0.269500 4.894912e+12
270 0.270500 4.925067e+12
271 0.271500 4.945971e+12
272 0.272500 4.961471e+12
273 0.273500 4.977081e+12
274 0.274500 4.994046e+12
275 0.275500 5.011011e+12
276 0.276500 5.027213e+12
277 0.277500 5.042712e+12
278 0.278500 5.058211e+12
279 0.279500 5.068760e+12
280 0.280500 5.079130e+12
281 0.281500 5.089500e+12
282 0.282500 5.099870e+12
283 0.283500 5.110240e+12
284 0.284500 5.126245e+12
285 0.285500 5.143209e+12
286 0.286500 5.158860e+12
287 0.287500 5.171428e+12
288 0.288500 5.183996e+12
289 0.289500 5.195475e+12
290 0.290500 5.206577e+12
291 0.291500 5.216853e+12
292 0.292500 5.223559e+12
293 0.293500 5.230265e+12
294 0.294500 5.235116e+12
295 0.295500 5.238891e+12
296 0.296500 5.242439e+12
297 0.297500 5.243283e+12
298 0.298500 5.244127e+12
299 0.299500 5.244589e+12
300 0.300500 5.244700e+12
301 0.301500 5.244812e+12
302 0.302500 5.244923e+12
303 0.303500 5.245034e+12
304 0.304500 5.243940e+12
305 0.305500 5.241120e+12
306 0.306500 5.238301e+12
307 0.307500 5.235481e+12
308 0.308500 5.232661e+12
309 0.309500 5.227418e+12
310 0.310500 5.216538e+12
311 0.311500 5.205658e+12
312 0.312500 5.194778e+12
313 0.313500 5.183898e+12
314 0.314500 5.172739e+12
315 0.315500 5.160394e+12
316 0.316500 5.148048e+12
317 0.317500 5.136633e+12
318 0.318500 5.125753e+12
319 0.319500 5.114757e+12
320 0.320500 5.102411e+12
321 0.321500 5.090065e+12
322 0.322500 5.078488e+12
323 0.323500 5.067608e+12
324 0.324500 5.056728e+12
325 0.325500 5.044428e+12
326 0.326500 5.032083e+12
327 0.327500 5.019737e+12
328 0.328500 5.007391e+12
329 0.329500 4.995046e+12
330 0.330500 4.983957e+12
331 0.331500 4.973077e+12
332 0.332500 4.958209e+12
333 0.333500 4.934139e+12
334 0.334500 4.910070e+12
335 0.335500 4.894758e+12
336 0.336500 4.882413e+12
337 0.337500 4.870067e+12
338 0.338500 4.857721e+12
339 0.339500 4.845376e+12
340 0.340500 4.833963e+12
341 0.341500 4.823083e+12
342 0.342500 4.812084e+12
343 0.343500 4.799739e+12
344 0.344500 4.787393e+12
345 0.345500 4.779284e+12
346 0.346500 4.774998e+12
347 0.347500 4.770713e+12
348 0.348500 4.766428e+12
349 0.349500 4.762143e+12
350 0.350500 4.758972e+12
351 0.351500 4.757374e+12
352 0.352500 4.755775e+12
353 0.353500 4.754177e+12
354 0.354500 4.752578e+12
355 0.355500 4.750980e+12
356 0.356500 4.749382e+12
357 0.357500 4.747783e+12
358 0.358500 4.747575e+12
359 0.359500 4.747833e+12
360 0.360500 4.748091e+12
361 0.361500 4.748348e+12
362 0.362500 4.748606e+12
363 0.363500 4.748864e+12
364 0.364500 4.749122e+12
365 0.365500 4.749380e+12
366 0.366500 4.749638e+12
367 0.367500 4.749896e+12
368 0.368500 4.750154e+12
369 0.369500 4.750412e+12
370 0.370500 4.750670e+12
371 0.371500 4.750927e+12
372 0.372500 4.751185e+12
373 0.373500 4.751443e+12
374 0.374500 4.751701e+12
375 0.375500 4.751959e+12
376 0.376500 4.752217e+12
377 0.377500 4.752475e+12
378 0.378500 4.752733e+12
379 0.379500 4.752991e+12
380 0.380500 4.753249e+12
381 0.381500 4.753507e+12
382 0.382500 4.753764e+12
383 0.383500 4.754137e+12
384 0.384500 4.754981e+12
385 0.385500 4.755825e+12
386 0.386500 4.755732e+12
387 0.387500 4.755110e+12
388 0.388500 4.754365e+12
389 0.389500 4.752278e+12
390 0.390500 4.750191e+12
391 0.391500 4.748104e+12
392 0.392500 4.746017e+12
393 0.393500 4.743931e+12
394 0.394500 4.731856e+12
395 0.395500 4.719510e+12
396 0.396500 4.710229e+12
397 0.397500 4.705211e+12
398 0.398500 4.700193e+12
399 0.399500 4.695175e+12
400 0.400500 4.690158e+12
401 0.401500 4.682886e+12
402 0.402500 4.670541e+12
403 0.403500 4.658195e+12
404 0.404500 4.638134e+12
405 0.405500 4.615530e+12
406 0.406500 4.594656e+12
407 0.407500 4.580845e+12
408 0.408500 4.567034e+12
409 0.409500 4.555102e+12
410 0.410500 4.544222e+12
411 0.411500 4.532208e+12
412 0.412500 4.508138e+12
413 0.413500 4.484068e+12
414 0.414500 4.462332e+12
415 0.415500 4.442658e+12
416 0.416500 4.422985e+12
417 0.417500 4.401883e+12
418 0.418500 4.380744e+12
419 0.419500 4.357759e+12
420 0.420500 4.332224e+12
421 0.421500 4.306689e+12
422 0.422500 4.283688e+12
423 0.423500 4.261084e+12
424 0.424500 4.237573e+12
425 0.425500 4.212038e+12
426 0.426500 4.186503e+12
427 0.427500 4.162072e+12
428 0.428500 4.138003e+12
429 0.429500 4.113642e+12
430 0.430500 4.088107e+12
431 0.431500 4.062572e+12
432 0.432500 4.037036e+12
433 0.433500 4.011501e+12
434 0.434500 3.985966e+12
435 0.435500 3.960431e+12
436 0.436500 3.934895e+12
437 0.437500 3.910140e+12
438 0.438500 3.886071e+12
439 0.439500 3.862001e+12
440 0.440500 3.847954e+12
441 0.441500 3.834143e+12
442 0.442500 3.815389e+12
443 0.443500 3.789853e+12
444 0.444500 3.764318e+12
445 0.445500 3.750209e+12
446 0.446500 3.737863e+12
447 0.447500 3.725518e+12
448 0.448500 3.713172e+12
449 0.449500 3.700827e+12
450 0.450500 3.687374e+12
451 0.451500 3.673563e+12
452 0.452500 3.659752e+12
453 0.453500 3.645940e+12
454 0.454500 3.632129e+12
455 0.455500 3.615483e+12
456 0.456500 3.597276e+12
457 0.457500 3.580182e+12
458 0.458500 3.574432e+12
459 0.459500 3.568681e+12
460 0.460500 3.562930e+12
461 0.461500 3.557179e+12
462 0.462500 3.551429e+12
463 0.463500 3.540658e+12
464 0.464500 3.529778e+12
465 0.465500 3.518898e+12
466 0.466500 3.508018e+12
467 0.467500 3.497138e+12
468 0.468500 3.484986e+12
469 0.469500 3.472640e+12
470 0.470500 3.460295e+12
471 0.471500 3.447949e+12
472 0.472500 3.435603e+12
473 0.473500 3.429362e+12
474 0.474500 3.425076e+12
475 0.475500 3.420791e+12
476 0.476500 3.416506e+12
477 0.477500 3.412221e+12
478 0.478500 3.402724e+12
479 0.479500 3.390379e+12
480 0.480500 3.378301e+12
481 0.481500 3.368886e+12
482 0.482500 3.359471e+12
483 0.483500 3.352413e+12
484 0.484500 3.347395e+12
485 0.485500 3.342377e+12
486 0.486500 3.337359e+12
487 0.487500 3.332341e+12
488 0.488500 3.327634e+12
489 0.489500 3.323349e+12
490 0.490500 3.319064e+12
491 0.491500 3.314779e+12
492 0.492500 3.310493e+12
493 0.493500 3.306208e+12
494 0.494500 3.301923e+12
495 0.495500 3.297638e+12
496 0.496500 3.293353e+12
497 0.497500 3.289067e+12
498 0.498500 3.284633e+12
499 0.499500 3.279615e+12
500 0.500500 3.273426e+12
501 0.501500 3.266066e+12
502 0.502500 3.258705e+12
503 0.503500 3.251662e+12
504 0.504500 3.247722e+12
505 0.505500 3.243781e+12
506 0.506500 3.239840e+12
507 0.507500 3.235899e+12
508 0.508500 3.231958e+12
509 0.509500 3.228017e+12
510 0.510500 3.224077e+12
511 0.511500 3.221282e+12
512 0.512500 3.220028e+12
513 0.513500 3.218774e+12
514 0.514500 3.217520e+12
515 0.515500 3.216266e+12
516 0.516500 3.215012e+12
517 0.517500 3.213758e+12
518 0.518500 3.212504e+12
519 0.519500 3.211250e+12
520 0.520500 3.209996e+12
521 0.521500 3.208742e+12
522 0.522500 3.207488e+12
523 0.523500 3.206234e+12
524 0.524500 3.204980e+12
525 0.525500 3.203726e+12
526 0.526500 3.202657e+12
527 0.527500 3.203357e+12
528 0.528500 3.204057e+12
529 0.529500 3.204757e+12
530 0.530500 3.205457e+12
531 0.531500 3.206157e+12
532 0.532500 3.208299e+12
533 0.533500 3.210464e+12
534 0.534500 3.212630e+12
535 0.535500 3.214795e+12
536 0.536500 3.216961e+12
537 0.537500 3.219126e+12
538 0.538500 3.221292e+12
539 0.539500 3.223457e+12
540 0.540500 3.225623e+12
541 0.541500 3.227788e+12
542 0.542500 3.230792e+12
543 0.543500 3.234056e+12
544 0.544500 3.237321e+12
545 0.545500 3.240586e+12
546 0.546500 3.243850e+12
547 0.547500 3.247115e+12
548 0.548500 3.250380e+12
549 0.549500 3.253644e+12
550 0.550500 3.256909e+12
551 0.551500 3.260174e+12
552 0.552500 3.263240e+12
553 0.553500 3.266138e+12
554 0.554500 3.269037e+12
555 0.555500 3.271935e+12
556 0.556500 3.274833e+12
557 0.557500 3.277732e+12
558 0.558500 3.280630e+12
559 0.559500 3.283528e+12
560 0.560500 3.286426e+12
561 0.561500 3.289325e+12
562 0.562500 3.292340e+12
563 0.563500 3.295605e+12
564 0.564500 3.298869e+12
565 0.565500 3.302134e+12
566 0.566500 3.305399e+12
567 0.567500 3.308663e+12
568 0.568500 3.311928e+12
569 0.569500 3.315193e+12
570 0.570500 3.318457e+12
571 0.571500 3.321722e+12
572 0.572500 3.324987e+12
573 0.573500 3.328251e+12
574 0.574500 3.331516e+12
575 0.575500 3.334781e+12
576 0.576500 3.338045e+12
577 0.577500 3.341310e+12
578 0.578500 3.344575e+12
579 0.579500 3.347839e+12
580 0.580500 3.351104e+12
581 0.581500 3.354369e+12
582 0.582500 3.357633e+12
583 0.583500 3.359806e+12
584 0.584500 3.361825e+12
585 0.585500 3.363844e+12
586 0.586500 3.365863e+12
587 0.587500 3.367882e+12
588 0.588500 3.369901e+12
589 0.589500 3.371920e+12
590 0.590500 3.373939e+12
591 0.591500 3.375958e+12
592 0.592500 3.377977e+12
593 0.593500 3.379996e+12
594 0.594500 3.382015e+12
595 0.595500 3.383975e+12
596 0.596500 3.385408e+12
597 0.597500 3.386841e+12
598 0.598500 3.387742e+12
599 0.599500 3.388197e+12
600 0.600500 3.388653e+12
601 0.601500 3.389109e+12
602 0.602500 3.389565e+12
603 0.603500 3.390020e+12
604 0.604500 3.390476e+12
605 0.605500 3.390932e+12
606 0.606500 3.390701e+12
607 0.607500 3.390375e+12
608 0.608500 3.390050e+12
609 0.609500 3.389724e+12
610 0.610500 3.389398e+12
611 0.611500 3.389072e+12
612 0.612500 3.388746e+12
613 0.613500 3.388420e+12
614 0.614500 3.388094e+12
615 0.615500 3.387769e+12
616 0.616500 3.387443e+12
617 0.617500 3.387117e+12
618 0.618500 3.386788e+12
619 0.619500 3.386429e+12
620 0.620500 3.386071e+12
621 0.621500 3.385712e+12
622 0.622500 3.385354e+12
623 0.623500 3.384996e+12
624 0.624500 3.384637e+12
625 0.625500 3.384279e+12
626 0.626500 3.383920e+12
627 0.627500 3.383562e+12
628 0.628500 3.383203e+12
629 0.629500 3.382845e+12
630 0.630500 3.382487e+12
631 0.631500 3.382128e+12
632 0.632500 3.381770e+12
633 0.633500 3.381411e+12
634 0.634500 3.381053e+12
635 0.635500 3.380694e+12
636 0.636500 3.380336e+12
637 0.637500 3.379978e+12
638 0.638500 3.379619e+12
639 0.639500 3.379261e+12
640 0.640500 3.378902e+12
641 0.641500 3.378564e+12
642 0.642500 3.378398e+12
643 0.643500 3.378232e+12
644 0.644500 3.378066e+12
645 0.645500 3.377900e+12
646 0.646500 3.377734e+12
647 0.647500 3.377568e+12
648 0.648500 3.377402e+12
649 0.649500 3.377236e+12
650 0.650500 3.377070e+12
651 0.651500 3.376904e+12
652 0.652500 3.376738e+12
653 0.653500 3.376572e+12
654 0.654500 3.376406e+12
655 0.655500 3.376240e+12
656 0.656500 3.376074e+12
657 0.657500 3.375908e+12
658 0.658500 3.375742e+12
659 0.659500 3.375576e+12
660 0.660500 3.375410e+12
661 0.661500 3.375244e+12
662 0.662500 3.375078e+12
663 0.663500 3.374912e+12
664 0.664500 3.374746e+12
665 0.665500 3.374580e+12
666 0.666500 3.374414e+12
667 0.667500 3.374248e+12
668 0.668500 3.374082e+12
669 0.669500 3.373916e+12
670 0.670500 3.373721e+12
671 0.671500 3.373525e+12
672 0.672500 3.373329e+12
673 0.673500 3.373134e+12
674 0.674500 3.372938e+12
675 0.675500 3.372743e+12
676 0.676500 3.372547e+12
677 0.677500 3.372351e+12
678 0.678500 3.372156e+12
679 0.679500 3.371960e+12
680 0.680500 3.371765e+12
681 0.681500 3.371569e+12
682 0.682500 3.371373e+12
683 0.683500 3.371178e+12
684 0.684500 3.370982e+12
685 0.685500 3.370787e+12
686 0.686500 3.370591e+12
687 0.687500 3.370396e+12
688 0.688500 3.370200e+12
689 0.689500 3.370004e+12
690 0.690500 3.369809e+12
691 0.691500 3.369613e+12
692 0.692500 3.369418e+12
693 0.693500 3.369546e+12
694 0.694500 3.369676e+12
695 0.695500 3.369806e+12
696 0.696500 3.369936e+12
697 0.697500 3.370067e+12
698 0.698500 3.370197e+12
699 0.699500 3.370327e+12
700 0.700500 3.370457e+12
701 0.701500 3.370587e+12
702 0.702500 3.370717e+12
703 0.703500 3.370847e+12
704 0.704500 3.370977e+12
705 0.705500 3.371107e+12
706 0.706500 3.371237e+12
707 0.707500 3.371367e+12
708 0.708500 3.371497e+12
709 0.709500 3.371627e+12
710 0.710500 3.371758e+12
711 0.711500 3.371888e+12
712 0.712500 3.372018e+12
713 0.713500 3.372148e+12
714 0.714500 3.372278e+12
715 0.715500 3.372408e+12
716 0.716500 3.372700e+12
717 0.717500 3.372993e+12
718 0.718500 3.373286e+12
719 0.719500 3.373579e+12
720 0.720500 3.373872e+12
721 0.721500 3.374165e+12
722 0.722500 3.374458e+12
723 0.723500 3.374751e+12
724 0.724500 3.375044e+12
725 0.725500 3.375337e+12
726 0.726500 3.375630e+12
727 0.727500 3.375922e+12
728 0.728500 3.376215e+12
729 0.729500 3.376508e+12
730 0.730500 3.376801e+12
731 0.731500 3.377094e+12
732 0.732500 3.377387e+12
733 0.733500 3.377680e+12
734 0.734500 3.377973e+12
735 0.735500 3.378266e+12
736 0.736500 3.378559e+12
737 0.737500 3.378852e+12
738 0.738500 3.379145e+12
739 0.739500 3.379437e+12
740 0.740500 3.379730e+12
741 0.741500 3.380023e+12
742 0.742500 3.380316e+12
743 0.743500 3.380609e+12
744 0.744500 3.380902e+12
745 0.745500 3.381195e+12
746 0.746500 3.381488e+12
747 0.747500 3.381781e+12
748 0.748500 3.382074e+12
749 0.749500 3.382367e+12
750 0.750500 3.382141e+12
751 0.751500 3.381396e+12
752 0.752500 3.380651e+12
753 0.753500 3.379907e+12
754 0.754500 3.379162e+12
755 0.755500 3.378417e+12
756 0.756500 3.377672e+12
757 0.757500 3.376928e+12
758 0.758500 3.376183e+12
759 0.759500 3.375438e+12
760 0.760500 3.374694e+12
761 0.761500 3.373949e+12
762 0.762500 3.373367e+12
763 0.763500 3.372785e+12
764 0.764500 3.372204e+12
765 0.765500 3.371622e+12
766 0.766500 3.371040e+12
767 0.767500 3.370458e+12
768 0.768500 3.369876e+12
769 0.769500 3.369294e+12
770 0.770500 3.368712e+12
771 0.771500 3.368131e+12
772 0.772500 3.367549e+12
773 0.773500 3.366967e+12
774 0.774500 3.366385e+12
775 0.775500 3.365803e+12
776 0.776500 3.365221e+12
777 0.777500 3.364639e+12
778 0.778500 3.364057e+12
779 0.779500 3.363476e+12
780 0.780500 3.362894e+12
781 0.781500 3.362312e+12
782 0.782500 3.361730e+12
783 0.783500 3.361148e+12
784 0.784500 3.360565e+12
785 0.785500 3.359495e+12
786 0.786500 3.358424e+12
787 0.787500 3.357354e+12
788 0.788500 3.356284e+12
789 0.789500 3.355213e+12
790 0.790500 3.354143e+12
791 0.791500 3.353072e+12
792 0.792500 3.352002e+12
793 0.793500 3.350932e+12
794 0.794500 3.349861e+12
795 0.795500 3.348791e+12
796 0.796500 3.347721e+12
797 0.797500 3.346650e+12
798 0.798500 3.345580e+12
799 0.799500 3.344510e+12
800 0.800500 3.343439e+12
801 0.801500 3.342369e+12
802 0.802500 3.341298e+12
803 0.803500 3.340228e+12
804 0.804500 3.339158e+12
805 0.805500 3.338087e+12
806 0.806500 3.337017e+12
807 0.807500 3.335947e+12
808 0.808500 3.334876e+12
809 0.809500 3.333806e+12
810 0.810500 3.332589e+12
811 0.811500 3.331193e+12
812 0.812500 3.329797e+12
813 0.813500 3.328401e+12
814 0.814500 3.327005e+12
815 0.815500 3.325609e+12
816 0.816500 3.324213e+12
817 0.817500 3.322817e+12
818 0.818500 3.321421e+12
819 0.819500 3.320025e+12
820 0.820500 3.318629e+12
821 0.821500 3.317233e+12
822 0.822500 3.315837e+12
823 0.823500 3.314441e+12
824 0.824500 3.313045e+12
825 0.825500 3.311649e+12
826 0.826500 3.310253e+12
827 0.827500 3.308857e+12
828 0.828500 3.307461e+12
829 0.829500 3.306065e+12
830 0.830500 3.304668e+12
831 0.831500 3.303272e+12
832 0.832500 3.301876e+12
833 0.833500 3.300480e+12
834 0.834500 3.299084e+12
835 0.835500 3.297688e+12
836 0.836500 3.296292e+12
837 0.837500 3.294896e+12
838 0.838500 3.293500e+12
839 0.839500 3.292104e+12
840 0.840500 3.290708e+12
841 0.841500 3.289312e+12
842 0.842500 3.287916e+12
843 0.843500 3.286520e+12
844 0.844500 3.285124e+12
845 0.845500 3.283728e+12
846 0.846500 3.282332e+12
847 0.847500 3.280936e+12
848 0.848500 3.279540e+12
849 0.849500 3.278144e+12
850 0.850500 3.276748e+12
851 0.851500 3.275352e+12
852 0.852500 3.273956e+12
853 0.853500 3.272560e+12
854 0.854500 3.271164e+12
855 0.855500 3.269768e+12
856 0.856500 3.268386e+12
857 0.857500 3.267023e+12
858 0.858500 3.265659e+12
859 0.859500 3.264296e+12
860 0.860500 3.262932e+12
861 0.861500 3.261569e+12
862 0.862500 3.260205e+12
863 0.863500 3.258842e+12
864 0.864500 3.257478e+12
865 0.865500 3.256115e+12
866 0.866500 3.254751e+12
867 0.867500 3.253388e+12
868 0.868500 3.252025e+12
869 0.869500 3.250661e+12
870 0.870500 3.249298e+12
871 0.871500 3.247934e+12
872 0.872500 3.246571e+12
873 0.873500 3.245207e+12
874 0.874500 3.243844e+12
875 0.875500 3.242480e+12
876 0.876500 3.241117e+12
877 0.877500 3.239753e+12
878 0.878500 3.238390e+12
879 0.879500 3.237026e+12
880 0.880500 3.235663e+12
881 0.881500 3.234299e+12
882 0.882500 3.233035e+12
883 0.883500 3.231781e+12
884 0.884500 3.230528e+12
885 0.885500 3.229274e+12
886 0.886500 3.228020e+12
887 0.887500 3.226767e+12
888 0.888500 3.225513e+12
889 0.889500 3.224260e+12
890 0.890500 3.223006e+12
891 0.891500 3.221753e+12
892 0.892500 3.220499e+12
893 0.893500 3.219246e+12
894 0.894500 3.217992e+12
895 0.895500 3.216738e+12
896 0.896500 3.215485e+12
897 0.897500 3.214231e+12
898 0.898500 3.212978e+12
899 0.899500 3.211724e+12
900 0.900500 3.210471e+12
901 0.901500 3.209217e+12
902 0.902500 3.208381e+12
903 0.903500 3.208043e+12
904 0.904500 3.207706e+12
905 0.905500 3.207368e+12
906 0.906500 3.207030e+12
907 0.907500 3.206861e+12
908 0.908500 3.207012e+12
909 0.909500 3.207163e+12
910 0.910500 3.207314e+12
911 0.911500 3.207465e+12
912 0.912500 3.207616e+12
913 0.913500 3.207767e+12
914 0.914500 3.207918e+12
915 0.915500 3.208069e+12
916 0.916500 3.208219e+12
917 0.917500 3.208370e+12
918 0.918500 3.208521e+12
919 0.919500 3.208672e+12
920 0.920500 3.208823e+12
921 0.921500 3.208974e+12
922 0.922500 3.209131e+12
923 0.923500 3.209735e+12
924 0.924500 3.210340e+12
925 0.925500 3.210944e+12
926 0.926500 3.211549e+12
927 0.927500 3.212153e+12
928 0.928500 3.212758e+12
929 0.929500 3.213362e+12
930 0.930500 3.213967e+12
931 0.931500 3.214571e+12
932 0.932500 3.215176e+12
933 0.933500 3.215780e+12
934 0.934500 3.216385e+12
935 0.935500 3.216989e+12
936 0.936500 3.217594e+12
937 0.937500 3.218198e+12
938 0.938500 3.218803e+12
939 0.939500 3.219407e+12
940 0.940500 3.220012e+12
941 0.941500 3.220616e+12
942 0.942500 3.221221e+12
943 0.943500 3.221825e+12
944 0.944500 3.222430e+12
945 0.945500 3.223034e+12
946 0.946500 3.223639e+12
947 0.947500 3.224243e+12
948 0.948500 3.224848e+12
949 0.949500 3.225452e+12
950 0.950500 3.226057e+12
951 0.951500 3.226661e+12
952 0.952500 3.227266e+12
953 0.953500 3.227870e+12
954 0.954500 3.228475e+12
955 0.955500 3.229079e+12
956 0.956500 3.229684e+12
957 0.957500 3.230288e+12
958 0.958500 3.230843e+12
959 0.959500 3.231238e+12
960 0.960500 3.231634e+12
961 0.961500 3.232029e+12
962 0.962500 3.232424e+12
963 0.963500 3.232819e+12
964 0.964500 3.233214e+12
965 0.965500 3.233609e+12
966 0.966500 3.234004e+12
967 0.967500 3.234400e+12
968 0.968500 3.234795e+12
969 0.969500 3.235190e+12
970 0.970500 3.235585e+12
971 0.971500 3.235980e+12
972 0.972500 3.236375e+12
973 0.973500 3.236770e+12
974 0.974500 3.236976e+12
975 0.975500 3.237162e+12
976 0.976500 3.237348e+12
977 0.977500 3.237533e+12
978 0.978500 3.237719e+12
979 0.979500 3.237905e+12
980 0.980500 3.238091e+12
981 0.981500 3.238277e+12
982 0.982500 3.238462e+12
983 0.983500 3.238648e+12
984 0.984500 3.238834e+12
985 0.985500 3.239020e+12
986 0.986500 3.239206e+12
987 0.987500 3.239391e+12
988 0.988500 3.239577e+12
989 0.989500 3.239763e+12
990 0.990500 3.239949e+12
991 0.991500 3.240121e+12
992 0.992500 3.239539e+12
993 0.993500 3.238957e+12
994 0.994500 3.238375e+12
995 0.995500 3.237793e+12
996 0.996500 3.237211e+12
997 0.997500 3.236630e+12
998 0.998500 3.236048e+12
999 0.999500 3.235466e+12
1000 1.000500 3.234598e+12
1001 1.001500 3.233444e+12
1002 1.002500 3.232290e+12
1003 1.003500 3.231136e+12
1004 1.004500 3.229982e+12
1005 1.005500 3.228828e+12
1006 1.006500 3.227674e+12
1007 1.007500 3.226519e+12
1008 1.008500 3.225365e+12
1009 1.009500 3.224211e+12
1010 1.010500 3.223057e+12
1011 1.011500 3.221903e+12
1012 1.012500 3.220749e+12
1013 1.013500 3.219595e+12
1014 1.014500 3.218435e+12
1015 1.015500 3.216955e+12
1016 1.016500 3.215475e+12
1017 1.017500 3.213996e+12
1018 1.018500 3.212516e+12
1019 1.019500 3.211036e+12
1020 1.020500 3.209556e+12
1021 1.021500 3.208077e+12
1022 1.022500 3.206597e+12
1023 1.023500 3.205117e+12
1024 1.024500 3.203637e+12
1025 1.025500 3.202158e+12
1026 1.026500 3.200678e+12
1027 1.027500 3.199198e+12
1028 1.028500 3.197718e+12
1029 1.029500 3.196239e+12
1030 1.030500 3.194759e+12
1031 1.031500 3.193279e+12
1032 1.032500 3.191800e+12
1033 1.033500 3.190320e+12
1034 1.034500 3.188840e+12
1035 1.035500 3.187360e+12
1036 1.036500 3.185881e+12
1037 1.037500 3.184394e+12
1038 1.038500 3.182589e+12
1039 1.039500 3.180783e+12
1040 1.040500 3.178978e+12
1041 1.041500 3.177172e+12
1042 1.042500 3.175367e+12
1043 1.043500 3.173562e+12
1044 1.044500 3.171756e+12
1045 1.045500 3.169951e+12
1046 1.046500 3.168145e+12
1047 1.047500 3.166340e+12
1048 1.048500 3.164535e+12
1049 1.049500 3.162729e+12
1050 1.050500 3.160924e+12
1051 1.051500 3.159118e+12
1052 1.052500 3.157313e+12
1053 1.053500 3.155508e+12
1054 1.054500 3.153702e+12
1055 1.055500 3.151897e+12
1056 1.056500 3.150091e+12
1057 1.057500 3.148286e+12
1058 1.058500 3.146481e+12
1059 1.059500 3.144675e+12
1060 1.060500 3.142857e+12
1061 1.061500 3.140481e+12
1062 1.062500 3.138106e+12
1063 1.063500 3.135731e+12
1064 1.064500 3.133355e+12
1065 1.065500 3.130980e+12
1066 1.066500 3.128382e+12
1067 1.067500 3.125762e+12
1068 1.068500 3.123143e+12
1069 1.069500 3.120523e+12
1070 1.070500 3.117904e+12
1071 1.071500 3.115284e+12
1072 1.072500 3.112664e+12
1073 1.073500 3.110045e+12
1074 1.074500 3.107425e+12
1075 1.075500 3.104806e+12
1076 1.076500 3.102186e+12
1077 1.077500 3.099567e+12
1078 1.078500 3.096947e+12
1079 1.079500 3.094327e+12
1080 1.080500 3.091708e+12
1081 1.081500 3.088465e+12
1082 1.082500 3.084771e+12
1083 1.083500 3.081076e+12
1084 1.084500 3.077382e+12
1085 1.085500 3.073688e+12
1086 1.086500 3.069993e+12
1087 1.087500 3.066299e+12
1088 1.088500 3.062605e+12
1089 1.089500 3.058911e+12
1090 1.090500 3.055216e+12
1091 1.091500 3.051522e+12
1092 1.092500 3.047828e+12
1093 1.093500 3.044133e+12
1094 1.094500 3.039968e+12
1095 1.095500 3.035688e+12
1096 1.096500 3.031407e+12
1097 1.097500 3.027127e+12
1098 1.098500 3.022846e+12
1099 1.099500 3.018566e+12
1100 1.100500 3.014285e+12
1101 1.101500 3.010005e+12
1102 1.102500 3.005724e+12
1103 1.103500 3.001444e+12
1104 1.104500 2.997163e+12
1105 1.105500 2.992883e+12
1106 1.106500 2.988569e+12
1107 1.107500 2.983018e+12
1108 1.108500 2.977467e+12
1109 1.109500 2.971917e+12
1110 1.110500 2.966366e+12
1111 1.111500 2.960816e+12
1112 1.112500 2.955265e+12
1113 1.113500 2.949714e+12
1114 1.114500 2.943988e+12
1115 1.115500 2.937949e+12
1116 1.116500 2.931910e+12
1117 1.117500 2.925870e+12
1118 1.118500 2.919831e+12
1119 1.119500 2.913792e+12
1120 1.120500 2.907753e+12
1121 1.121500 2.901714e+12
1122 1.122500 2.895336e+12
1123 1.123500 2.888808e+12
1124 1.124500 2.882280e+12
1125 1.125500 2.875753e+12
1126 1.126500 2.869225e+12
1127 1.127500 2.862698e+12
1128 1.128500 2.856170e+12
1129 1.129500 2.849656e+12
1130 1.130500 2.843617e+12
1131 1.131500 2.837578e+12
1132 1.132500 2.831539e+12
1133 1.133500 2.825500e+12
1134 1.134500 2.819460e+12
1135 1.135500 2.813421e+12
1136 1.136500 2.807382e+12
1137 1.137500 2.800813e+12
1138 1.138500 2.793308e+12
1139 1.139500 2.785803e+12
1140 1.140500 2.778299e+12
1141 1.141500 2.770794e+12
1142 1.142500 2.763412e+12
1143 1.143500 2.756396e+12
1144 1.144500 2.749380e+12
1145 1.145500 2.742364e+12
1146 1.146500 2.735348e+12
1147 1.147500 2.728331e+12
1148 1.148500 2.721315e+12
1149 1.149500 2.714299e+12
1150 1.150500 2.707569e+12
1151 1.151500 2.701041e+12
1152 1.152500 2.694514e+12
1153 1.153500 2.687986e+12
1154 1.154500 2.681458e+12
1155 1.155500 2.674931e+12
1156 1.156500 2.668403e+12
1157 1.157500 2.661876e+12
1158 1.158500 2.654450e+12
1159 1.159500 2.646945e+12
1160 1.160500 2.639441e+12
1161 1.161500 2.631936e+12
1162 1.162500 2.624431e+12
1163 1.163500 2.617717e+12
1164 1.164500 2.611189e+12
1165 1.165500 2.604661e+12
1166 1.166500 2.598134e+12
1167 1.167500 2.591606e+12
1168 1.168500 2.585078e+12
1169 1.169500 2.578551e+12
1170 1.170500 2.571988e+12
1171 1.171500 2.565217e+12
1172 1.172500 2.558445e+12
1173 1.173500 2.551673e+12
1174 1.174500 2.544901e+12
1175 1.175500 2.538137e+12
1176 1.176500 2.531609e+12
1177 1.177500 2.525081e+12
1178 1.178500 2.518554e+12
1179 1.179500 2.512026e+12
1180 1.180500 2.505499e+12
1181 1.181500 2.498971e+12
1182 1.182500 2.492443e+12
1183 1.183500 2.486094e+12
1184 1.184500 2.480055e+12
1185 1.185500 2.474016e+12
1186 1.186500 2.467977e+12
1187 1.187500 2.461938e+12
1188 1.188500 2.455899e+12
1189 1.189500 2.449860e+12
1190 1.190500 2.443820e+12
1191 1.191500 2.438123e+12
1192 1.192500 2.432572e+12
1193 1.193500 2.427022e+12
1194 1.194500 2.421471e+12
1195 1.195500 2.415920e+12
1196 1.196500 2.410370e+12
1197 1.197500 2.404819e+12
1198 1.198500 2.399311e+12
1199 1.199500 2.395030e+12
1200 1.200500 2.390750e+12
1201 1.201500 2.386469e+12
1202 1.202500 2.382189e+12
1203 1.203500 2.377908e+12
1204 1.204500 2.373628e+12
1205 1.205500 2.369347e+12
1206 1.206500 2.365067e+12
1207 1.207500 2.360786e+12
1208 1.208500 2.356506e+12
1209 1.209500 2.352225e+12
1210 1.210500 2.347945e+12
1211 1.211500 2.343739e+12
1212 1.212500 2.339752e+12
1213 1.213500 2.335765e+12
1214 1.214500 2.331777e+12
1215 1.215500 2.327790e+12
1216 1.216500 2.323802e+12
1217 1.217500 2.319815e+12
1218 1.218500 2.315828e+12
1219 1.219500 2.311840e+12
1220 1.220500 2.307853e+12
1221 1.221500 2.303866e+12
1222 1.222500 2.299878e+12
1223 1.223500 2.295891e+12
1224 1.224500 2.292208e+12
1225 1.225500 2.288856e+12
1226 1.226500 2.285503e+12
1227 1.227500 2.282151e+12
1228 1.228500 2.278799e+12
1229 1.229500 2.275446e+12
1230 1.230500 2.272094e+12
1231 1.231500 2.268742e+12
1232 1.232500 2.265389e+12
1233 1.233500 2.262037e+12
1234 1.234500 2.258685e+12
1235 1.235500 2.255332e+12
1236 1.236500 2.251980e+12
1237 1.237500 2.248628e+12
1238 1.238500 2.245275e+12
1239 1.239500 2.241986e+12
1240 1.240500 2.239061e+12
1241 1.241500 2.236136e+12
1242 1.242500 2.233211e+12
1243 1.243500 2.230286e+12
1244 1.244500 2.227361e+12
1245 1.245500 2.224436e+12
1246 1.246500 2.221512e+12
1247 1.247500 2.218587e+12
1248 1.248500 2.215662e+12
1249 1.249500 2.212737e+12
1250 1.250500 2.209812e+12
1251 1.251500 2.206887e+12
1252 1.252500 2.203962e+12
1253 1.253500 2.201037e+12
1254 1.254500 2.198112e+12
1255 1.255500 2.195188e+12
1256 1.256500 2.192263e+12
1257 1.257500 2.189338e+12
1258 1.258500 2.186413e+12
1259 1.259500 2.183488e+12
1260 1.260500 2.180778e+12
1261 1.261500 2.178159e+12
1262 1.262500 2.175539e+12
1263 1.263500 2.172919e+12
1264 1.264500 2.170300e+12
1265 1.265500 2.167680e+12
1266 1.266500 2.165061e+12
1267 1.267500 2.162441e+12
1268 1.268500 2.159822e+12
1269 1.269500 2.157202e+12
1270 1.270500 2.154582e+12
1271 1.271500 2.151963e+12
1272 1.272500 2.149343e+12
1273 1.273500 2.146724e+12
1274 1.274500 2.144104e+12
1275 1.275500 2.141545e+12
1276 1.276500 2.139088e+12
1277 1.277500 2.136632e+12
1278 1.278500 2.134175e+12
1279 1.279500 2.131718e+12
1280 1.280500 2.129261e+12
1281 1.281500 2.126805e+12
1282 1.282500 2.124348e+12
1283 1.283500 2.121891e+12
1284 1.284500 2.119434e+12
1285 1.285500 2.116978e+12
1286 1.286500 2.114521e+12
1287 1.287500 2.112064e+12
1288 1.288500 2.109607e+12
1289 1.289500 2.107151e+12
1290 1.290500 2.104694e+12
1291 1.291500 2.102237e+12
1292 1.292500 2.099780e+12
1293 1.293500 2.097324e+12
1294 1.294500 2.094867e+12
1295 1.295500 2.092410e+12
1296 1.296500 2.089954e+12
1297 1.297500 2.087497e+12
1298 1.298500 2.081600e+12
1299 1.299500 2.079957e+12
1300 1.300500 2.078314e+12
1301 1.301500 2.076672e+12
1302 1.302500 2.075029e+12
1303 1.303500 2.073387e+12
1304 1.304500 2.071744e+12
1305 1.305500 2.070102e+12
1306 1.306500 2.068459e+12
1307 1.307500 2.066816e+12
1308 1.308500 2.065174e+12
1309 1.309500 2.063531e+12
1310 1.310500 2.061889e+12
1311 1.311500 2.060246e+12
1312 1.312500 2.058604e+12
1313 1.313500 2.056961e+12
1314 1.314500 2.055319e+12
1315 1.315500 2.053676e+12
1316 1.316500 2.052033e+12
1317 1.317500 2.050391e+12
1318 1.318500 2.048748e+12
1319 1.319500 2.047106e+12
1320 1.320500 2.045463e+12
1321 1.321500 2.043821e+12
1322 1.322500 2.042178e+12
1323 1.323500 2.040535e+12
1324 1.324500 2.038893e+12
1325 1.325500 2.037250e+12
1326 1.326500 2.035608e+12
1327 1.327500 2.033965e+12
1328 1.328500 2.032323e+12
1329 1.329500 2.030680e+12
1330 1.330500 2.029037e+12
1331 1.331500 2.027395e+12
1332 1.332500 2.025752e+12
1333 1.333500 2.024110e+12
1334 1.334500 2.022467e+12
1335 1.335500 2.020825e+12
1336 1.336500 2.019182e+12
1337 1.337500 2.017540e+12
1338 1.338500 2.015897e+12
1339 1.339500 2.014254e+12
1340 1.340500 2.012612e+12
1341 1.341500 2.010969e+12
1342 1.342500 2.009327e+12
1343 1.343500 2.007684e+12
1344 1.344500 2.006042e+12
1345 1.345500 2.004399e+12
1346 1.346500 2.002756e+12
1347 1.347500 2.001114e+12
1348 1.348500 1.999471e+12
1349 1.349500 1.997829e+12
1350 1.350500 1.996186e+12
1351 1.351500 1.994544e+12
1352 1.352500 1.992901e+12
1353 1.353500 1.991258e+12
1354 1.354500 1.989616e+12
1355 1.355500 1.987973e+12
1356 1.356500 1.986331e+12
1357 1.357500 1.984688e+12
1358 1.358500 1.983046e+12
1359 1.359500 1.981403e+12
1360 1.360500 1.979761e+12
1361 1.361500 1.978118e+12
1362 1.362500 1.976475e+12
1363 1.363500 1.974833e+12
1364 1.364500 1.973190e+12
1365 1.365500 1.971548e+12
1366 1.366500 1.969905e+12
1367 1.367500 1.968263e+12
1368 1.368500 1.966620e+12
1369 1.369500 1.964977e+12
1370 1.370500 1.963335e+12
1371 1.371500 1.961692e+12
1372 1.372500 1.960050e+12
1373 1.373500 1.958407e+12
1374 1.374500 1.956765e+12
1375 1.375500 1.955122e+12
1376 1.376500 1.953479e+12
1377 1.377500 1.951837e+12
1378 1.378500 1.950194e+12
1379 1.379500 1.948552e+12
1380 1.380500 1.946909e+12
1381 1.381500 1.945267e+12
1382 1.382500 1.943624e+12
1383 1.383500 1.941982e+12
1384 1.384500 1.940339e+12
1385 1.385500 1.938696e+12
1386 1.386500 1.937054e+12
1387 1.387500 1.935411e+12
1388 1.388500 1.933769e+12
1389 1.389500 1.932126e+12
1390 1.390500 1.930484e+12
1391 1.391500 1.928841e+12
1392 1.392500 1.927198e+12
1393 1.393500 1.925556e+12
1394 1.394500 1.923913e+12
1395 1.395500 1.922271e+12
1396 1.396500 1.920628e+12
1397 1.397500 1.918986e+12
1398 1.398500 1.917343e+12
1399 1.399500 1.915701e+12
1400 1.400500 1.914058e+12
1401 1.401500 1.912415e+12
1402 1.402500 1.910773e+12
1403 1.403500 1.909130e+12
1404 1.404500 1.907488e+12
1405 1.405500 1.905845e+12
1406 1.406500 1.904203e+12
1407 1.407500 1.902560e+12
1408 1.408500 1.900917e+12
1409 1.409500 1.899275e+12
1410 1.410500 1.897632e+12
1411 1.411500 1.895990e+12
1412 1.412500 1.894347e+12
1413 1.413500 1.892705e+12
1414 1.414500 1.891062e+12
1415 1.415500 1.889419e+12
1416 1.416500 1.887777e+12
1417 1.417500 1.886134e+12
1418 1.418500 1.884492e+12
1419 1.419500 1.882849e+12
1420 1.420500 1.881207e+12
1421 1.421500 1.879564e+12
1422 1.422500 1.877922e+12
1423 1.423500 1.876279e+12
1424 1.424500 1.874636e+12
1425 1.425500 1.872994e+12
1426 1.426500 1.871351e+12
1427 1.427500 1.869709e+12
1428 1.428500 1.868066e+12
1429 1.429500 1.866424e+12
1430 1.430500 1.864781e+12
1431 1.431500 1.863138e+12
1432 1.432500 1.861496e+12
1433 1.433500 1.859853e+12
1434 1.434500 1.858211e+12
1435 1.435500 1.856568e+12
1436 1.436500 1.854926e+12
1437 1.437500 1.853283e+12
1438 1.438500 1.851640e+12
1439 1.439500 1.849998e+12
1440 1.440500 1.848355e+12
1441 1.441500 1.846713e+12
1442 1.442500 1.845070e+12
1443 1.443500 1.843428e+12
1444 1.444500 1.841785e+12
1445 1.445500 1.840143e+12
1446 1.446500 1.838500e+12
1447 1.447500 1.836857e+12
1448 1.448500 1.835215e+12
1449 1.449500 1.833572e+12
1450 1.450500 1.831930e+12
1451 1.451500 1.830287e+12
1452 1.452500 1.828645e+12
1453 1.453500 1.827002e+12
1454 1.454500 1.825359e+12
1455 1.455500 1.823717e+12
1456 1.456500 1.822074e+12
1457 1.457500 1.820432e+12
1458 1.458500 1.818789e+12
1459 1.459500 1.817147e+12
1460 1.460500 1.815504e+12
1461 1.461500 1.813861e+12
1462 1.462500 1.812219e+12
1463 1.463500 1.810576e+12
1464 1.464500 1.808934e+12
1465 1.465500 1.807291e+12
1466 1.466500 1.805649e+12
1467 1.467500 1.804006e+12
1468 1.468500 1.802364e+12
1469 1.469500 1.800721e+12
1470 1.470500 1.799078e+12
1471 1.471500 1.797436e+12
1472 1.472500 1.795793e+12
1473 1.473500 1.794151e+12
1474 1.474500 1.792508e+12
1475 1.475500 1.790866e+12
1476 1.476500 1.789223e+12
1477 1.477500 1.787580e+12
1478 1.478500 1.785938e+12
1479 1.479500 1.784295e+12
1480 1.480500 1.782653e+12
1481 1.481500 1.781010e+12
1482 1.482500 1.779368e+12
1483 1.483500 1.777725e+12
1484 1.484500 1.776082e+12
1485 1.485500 1.774440e+12
1486 1.486500 1.772797e+12
1487 1.487500 1.771155e+12
1488 1.488500 1.769512e+12
1489 1.489500 1.767870e+12
1490 1.490500 1.766227e+12
1491 1.491500 1.764585e+12
1492 1.492500 1.762942e+12
1493 1.493500 1.761299e+12
1494 1.494500 1.759657e+12
1495 1.495500 1.758014e+12
1496 1.496500 1.756372e+12
1497 1.497500 1.754729e+12
1498 1.498500 1.753087e+12
1499 1.499500 1.751444e+12
1500 1.500500 1.750173e+12
1501 1.501500 1.749272e+12
1502 1.502500 1.748372e+12
1503 1.503500 1.747472e+12
1504 1.504500 1.746572e+12
1505 1.505500 1.745672e+12
1506 1.506500 1.744771e+12
1507 1.507500 1.743871e+12
1508 1.508500 1.742971e+12
1509 1.509500 1.742071e+12
1510 1.510500 1.741171e+12
1511 1.511500 1.740270e+12
1512 1.512500 1.739370e+12
1513 1.513500 1.738470e+12
1514 1.514500 1.737570e+12
1515 1.515500 1.736670e+12
1516 1.516500 1.735769e+12
1517 1.517500 1.734869e+12
1518 1.518500 1.733969e+12
1519 1.519500 1.733069e+12
1520 1.520500 1.732169e+12
1521 1.521500 1.731268e+12
1522 1.522500 1.730368e+12
1523 1.523500 1.729468e+12
1524 1.524500 1.728568e+12
1525 1.525500 1.727668e+12
1526 1.526500 1.726767e+12
1527 1.527500 1.725867e+12
1528 1.528500 1.724967e+12
1529 1.529500 1.724067e+12
1530 1.530500 1.723167e+12
1531 1.531500 1.722266e+12
1532 1.532500 1.721366e+12
1533 1.533500 1.720466e+12
1534 1.534500 1.719566e+12
1535 1.535500 1.718666e+12
1536 1.536500 1.717765e+12
1537 1.537500 1.716865e+12
1538 1.538500 1.715965e+12
1539 1.539500 1.715065e+12
1540 1.540500 1.714165e+12
1541 1.541500 1.713264e+12
1542 1.542500 1.712364e+12
1543 1.543500 1.711464e+12
1544 1.544500 1.710564e+12
1545 1.545500 1.709664e+12
1546 1.546500 1.708763e+12
1547 1.547500 1.707863e+12
1548 1.548500 1.706963e+12
1549 1.549500 1.706063e+12
1550 1.550500 1.705163e+12
1551 1.551500 1.704263e+12
1552 1.552500 1.703362e+12
1553 1.553500 1.702462e+12
1554 1.554500 1.701562e+12
1555 1.555500 1.700662e+12
1556 1.556500 1.699762e+12
1557 1.557500 1.698861e+12
1558 1.558500 1.697961e+12
1559 1.559500 1.697061e+12
1560 1.560500 1.696161e+12
1561 1.561500 1.695261e+12
1562 1.562500 1.694360e+12
1563 1.563500 1.693460e+12
1564 1.564500 1.692560e+12
1565 1.565500 1.691660e+12
1566 1.566500 1.690760e+12
1567 1.567500 1.689859e+12
1568 1.568500 1.688959e+12
1569 1.569500 1.688059e+12
1570 1.570500 1.687159e+12
1571 1.571500 1.686259e+12
1572 1.572500 1.685358e+12
1573 1.573500 1.684458e+12
1574 1.574500 1.683558e+12
1575 1.575500 1.682658e+12
1576 1.576500 1.681758e+12
1577 1.577500 1.680857e+12
1578 1.578500 1.679957e+12
1579 1.579500 1.679057e+12
1580 1.580500 1.678157e+12
1581 1.581500 1.677257e+12
1582 1.582500 1.676356e+12
1583 1.583500 1.675456e+12
1584 1.584500 1.674556e+12
1585 1.585500 1.673656e+12
1586 1.586500 1.672756e+12
1587 1.587500 1.671855e+12
1588 1.588500 1.670955e+12
1589 1.589500 1.670055e+12
1590 1.590500 1.669155e+12
1591 1.591500 1.668255e+12
1592 1.592500 1.667354e+12
1593 1.593500 1.666454e+12
1594 1.594500 1.665554e+12
1595 1.595500 1.664654e+12
1596 1.596500 1.663754e+12
1597 1.597500 1.662853e+12
1598 1.598500 1.661953e+12
1599 1.599500 1.661053e+12
1600 1.600500 1.660153e+12
1601 1.601500 1.659253e+12
1602 1.602500 1.658352e+12
1603 1.603500 1.657452e+12
1604 1.604500 1.656552e+12
1605 1.605500 1.655652e+12
1606 1.606500 1.654752e+12
1607 1.607500 1.653851e+12
1608 1.608500 1.652951e+12
1609 1.609500 1.652051e+12
1610 1.610500 1.651151e+12
1611 1.611500 1.650251e+12
1612 1.612500 1.649350e+12
1613 1.613500 1.648450e+12
1614 1.614500 1.647550e+12
1615 1.615500 1.646650e+12
1616 1.616500 1.645750e+12
1617 1.617500 1.644849e+12
1618 1.618500 1.643949e+12
1619 1.619500 1.643049e+12
1620 1.620500 1.642149e+12
1621 1.621500 1.641249e+12
1622 1.622500 1.640348e+12
1623 1.623500 1.639448e+12
1624 1.624500 1.638548e+12
1625 1.625500 1.637648e+12
1626 1.626500 1.636748e+12
1627 1.627500 1.635847e+12
1628 1.628500 1.634947e+12
1629 1.629500 1.634047e+12
1630 1.630500 1.633147e+12
1631 1.631500 1.632247e+12
1632 1.632500 1.631346e+12
1633 1.633500 1.630446e+12
1634 1.634500 1.629546e+12
1635 1.635500 1.628646e+12
1636 1.636500 1.627746e+12
1637 1.637500 1.626845e+12
1638 1.638500 1.625945e+12
1639 1.639500 1.625045e+12
1640 1.640500 1.624145e+12
1641 1.641500 1.623245e+12
1642 1.642500 1.622344e+12
1643 1.643500 1.621444e+12
1644 1.644500 1.620544e+12
1645 1.645500 1.619644e+12
1646 1.646500 1.618744e+12
1647 1.647500 1.617843e+12
1648 1.648500 1.616943e+12
1649 1.649500 1.616043e+12
1650 1.650500 1.615143e+12
1651 1.651500 1.614243e+12
1652 1.652500 1.613342e+12
1653 1.653500 1.612442e+12
1654 1.654500 1.611542e+12
1655 1.655500 1.610642e+12
1656 1.656500 1.609742e+12
1657 1.657500 1.608841e+12
1658 1.658500 1.607941e+12
1659 1.659500 1.607041e+12
1660 1.660500 1.606141e+12
1661 1.661500 1.605241e+12
1662 1.662500 1.604340e+12
1663 1.663500 1.603440e+12
1664 1.664500 1.602540e+12
1665 1.665500 1.601640e+12
1666 1.666500 1.600740e+12
1667 1.667500 1.599839e+12
1668 1.668500 1.598939e+12
1669 1.669500 1.598039e+12
1670 1.670500 1.597139e+12
1671 1.671500 1.596239e+12
1672 1.672500 1.595338e+12
1673 1.673500 1.594438e+12
1674 1.674500 1.593538e+12
1675 1.675500 1.592638e+12
1676 1.676500 1.591738e+12
1677 1.677500 1.590837e+12
1678 1.678500 1.589937e+12
1679 1.679500 1.589037e+12
1680 1.680500 1.588137e+12
1681 1.681500 1.587237e+12
1682 1.682500 1.586336e+12
1683 1.683500 1.585436e+12
1684 1.684500 1.584536e+12
1685 1.685500 1.583636e+12
1686 1.686500 1.582736e+12
1687 1.687500 1.581835e+12
1688 1.688500 1.580935e+12
1689 1.689500 1.580035e+12
1690 1.690500 1.579135e+12
1691 1.691500 1.578235e+12
1692 1.692500 1.577334e+12
1693 1.693500 1.576434e+12
1694 1.694500 1.575534e+12
1695 1.695500 1.574634e+12
1696 1.696500 1.573734e+12
1697 1.697500 1.572833e+12
1698 1.698500 1.571933e+12
1699 1.699500 1.571033e+12
1700 1.700500 1.570133e+12
1701 1.701500 1.569233e+12
1702 1.702500 1.568332e+12
1703 1.703500 1.567432e+12
1704 1.704500 1.566532e+12
1705 1.705500 1.565632e+12
1706 1.706500 1.564732e+12
1707 1.707500 1.563832e+12
1708 1.708500 1.562931e+12
1709 1.709500 1.562031e+12
1710 1.710500 1.561131e+12
1711 1.711500 1.560231e+12
1712 1.712500 1.559331e+12
1713 1.713500 1.558430e+12
1714 1.714500 1.557530e+12
1715 1.715500 1.556630e+12
1716 1.716500 1.555730e+12
1717 1.717500 1.554830e+12
1718 1.718500 1.553929e+12
1719 1.719500 1.553029e+12
1720 1.720500 1.552129e+12
1721 1.721500 1.551229e+12
1722 1.722500 1.550329e+12
1723 1.723500 1.549428e+12
1724 1.724500 1.548528e+12
1725 1.725500 1.547628e+12
1726 1.726500 1.546728e+12
1727 1.727500 1.545828e+12
1728 1.728500 1.544927e+12
1729 1.729500 1.544027e+12
1730 1.730500 1.543127e+12
1731 1.731500 1.542227e+12
1732 1.732500 1.541327e+12
1733 1.733500 1.540426e+12
1734 1.734500 1.539526e+12
1735 1.735500 1.538626e+12
1736 1.736500 1.537726e+12
1737 1.737500 1.536826e+12
1738 1.738500 1.535925e+12
1739 1.739500 1.535025e+12
1740 1.740500 1.534125e+12
1741 1.741500 1.533225e+12
1742 1.742500 1.532325e+12
1743 1.743500 1.531424e+12
1744 1.744500 1.530524e+12
1745 1.745500 1.529624e+12
1746 1.746500 1.528724e+12
1747 1.747500 1.527824e+12
1748 1.748500 1.526923e+12
1749 1.749500 1.526023e+12
1750 1.750500 1.525123e+12
1751 1.751500 1.524223e+12
1752 1.752500 1.523323e+12
1753 1.753500 1.522422e+12
1754 1.754500 1.521522e+12
1755 1.755500 1.520622e+12
1756 1.756500 1.519722e+12
1757 1.757500 1.518822e+12
1758 1.758500 1.517921e+12
1759 1.759500 1.517021e+12
1760 1.760500 1.516121e+12
1761 1.761500 1.515221e+12
1762 1.762500 1.514321e+12
1763 1.763500 1.513420e+12
1764 1.764500 1.512520e+12
1765 1.765500 1.511620e+12
1766 1.766500 1.510720e+12
1767 1.767500 1.509820e+12
1768 1.768500 1.508919e+12
1769 1.769500 1.508019e+12
1770 1.770500 1.507119e+12
1771 1.771500 1.506219e+12
1772 1.772500 1.505319e+12
1773 1.773500 1.504418e+12
1774 1.774500 1.503518e+12
1775 1.775500 1.502618e+12
1776 1.776500 1.501718e+12
1777 1.777500 1.500818e+12
1778 1.778500 1.499917e+12
1779 1.779500 1.499017e+12
1780 1.780500 1.498117e+12
1781 1.781500 1.497217e+12
1782 1.782500 1.496317e+12
1783 1.783500 1.495416e+12
1784 1.784500 1.494516e+12
1785 1.785500 1.493616e+12
1786 1.786500 1.492716e+12
1787 1.787500 1.491816e+12
1788 1.788500 1.490915e+12
1789 1.789500 1.490015e+12
1790 1.790500 1.489115e+12
1791 1.791500 1.488215e+12
1792 1.792500 1.487315e+12
1793 1.793500 1.486414e+12
1794 1.794500 1.485514e+12
1795 1.795500 1.484614e+12
1796 1.796500 1.483714e+12
1797 1.797500 1.482814e+12
1798 1.798500 1.481913e+12
1799 1.799500 1.481013e+12
1800 1.800500 1.480113e+12
1801 1.801500 1.479213e+12
1802 1.802500 1.478313e+12
1803 1.803500 1.477412e+12
1804 1.804500 1.476512e+12
1805 1.805500 1.475612e+12
1806 1.806500 1.474712e+12
1807 1.807500 1.473812e+12
1808 1.808500 1.472911e+12
1809 1.809500 1.472011e+12
1810 1.810500 1.471111e+12
1811 1.811500 1.470211e+12
1812 1.812500 1.469311e+12
1813 1.813500 1.468410e+12
1814 1.814500 1.467510e+12
1815 1.815500 1.466610e+12
1816 1.816500 1.465710e+12
1817 1.817500 1.464810e+12
1818 1.818500 1.463909e+12
1819 1.819500 1.463009e+12
1820 1.820500 1.462109e+12
1821 1.821500 1.461209e+12
1822 1.822500 1.460309e+12
1823 1.823500 1.459408e+12
1824 1.824500 1.458508e+12
1825 1.825500 1.457608e+12
1826 1.826500 1.456708e+12
1827 1.827500 1.455808e+12
1828 1.828500 1.454907e+12
1829 1.829500 1.454007e+12
1830 1.830500 1.453107e+12
1831 1.831500 1.452207e+12
1832 1.832500 1.451307e+12
1833 1.833500 1.450406e+12
1834 1.834500 1.449506e+12
1835 1.835500 1.448606e+12
1836 1.836500 1.447706e+12
1837 1.837500 1.446806e+12
1838 1.838500 1.445905e+12
1839 1.839500 1.445005e+12
1840 1.840500 1.444105e+12
1841 1.841500 1.443205e+12
1842 1.842500 1.442305e+12
1843 1.843500 1.441404e+12
1844 1.844500 1.440504e+12
1845 1.845500 1.439604e+12
1846 1.846500 1.438704e+12
1847 1.847500 1.437804e+12
1848 1.848500 1.436903e+12
1849 1.849500 1.436003e+12
1850 1.850500 1.435103e+12
1851 1.851500 1.434203e+12
1852 1.852500 1.433303e+12
1853 1.853500 1.432402e+12
1854 1.854500 1.431502e+12
1855 1.855500 1.430602e+12
1856 1.856500 1.429702e+12
1857 1.857500 1.428802e+12
1858 1.858500 1.427901e+12
1859 1.859500 1.427001e+12
1860 1.860500 1.426101e+12
1861 1.861500 1.425201e+12
1862 1.862500 1.424301e+12
1863 1.863500 1.423401e+12
1864 1.864500 1.422500e+12
1865 1.865500 1.421600e+12
1866 1.866500 1.420700e+12
1867 1.867500 1.419800e+12
1868 1.868500 1.418900e+12
1869 1.869500 1.417999e+12
1870 1.870500 1.417099e+12
1871 1.871500 1.416199e+12
1872 1.872500 1.415299e+12
1873 1.873500 1.414399e+12
1874 1.874500 1.413498e+12
1875 1.875500 1.412598e+12
1876 1.876500 1.411698e+12
1877 1.877500 1.410798e+12
1878 1.878500 1.409898e+12
1879 1.879500 1.408997e+12
1880 1.880500 1.408097e+12
1881 1.881500 1.407197e+12
1882 1.882500 1.406297e+12
1883 1.883500 1.405397e+12
1884 1.884500 1.404496e+12
1885 1.885500 1.403596e+12
1886 1.886500 1.402696e+12
1887 1.887500 1.401796e+12
1888 1.888500 1.400896e+12
1889 1.889500 1.399995e+12
1890 1.890500 1.399095e+12
1891 1.891500 1.398195e+12
1892 1.892500 1.397295e+12
1893 1.893500 1.396395e+12
1894 1.894500 1.395494e+12
1895 1.895500 1.394594e+12
1896 1.896500 1.393694e+12
1897 1.897500 1.392794e+12
1898 1.898500 1.391894e+12
1899 1.899500 1.390993e+12
1900 1.900500 1.390093e+12
1901 1.901500 1.389193e+12
1902 1.902500 1.388293e+12
1903 1.903500 1.387393e+12
1904 1.904500 1.386492e+12
1905 1.905500 1.385592e+12
1906 1.906500 1.384692e+12
1907 1.907500 1.383792e+12
1908 1.908500 1.382892e+12
1909 1.909500 1.381991e+12
1910 1.910500 1.381091e+12
1911 1.911500 1.380191e+12
1912 1.912500 1.379291e+12
1913 1.913500 1.378391e+12
1914 1.914500 1.377490e+12
1915 1.915500 1.376590e+12
1916 1.916500 1.375690e+12
1917 1.917500 1.374790e+12
1918 1.918500 1.373890e+12
1919 1.919500 1.372989e+12
1920 1.920500 1.372089e+12
1921 1.921500 1.371189e+12
1922 1.922500 1.370289e+12
1923 1.923500 1.369389e+12
1924 1.924500 1.368488e+12
1925 1.925500 1.367588e+12
1926 1.926500 1.366688e+12
1927 1.927500 1.365788e+12
1928 1.928500 1.364888e+12
1929 1.929500 1.363987e+12
1930 1.930500 1.363087e+12
1931 1.931500 1.362187e+12
1932 1.932500 1.361287e+12
1933 1.933500 1.360387e+12
1934 1.934500 1.359486e+12
1935 1.935500 1.358586e+12
1936 1.936500 1.357686e+12
1937 1.937500 1.356786e+12
1938 1.938500 1.355886e+12
1939 1.939500 1.354985e+12
1940 1.940500 1.354085e+12
1941 1.941500 1.353185e+12
1942 1.942500 1.352285e+12
1943 1.943500 1.351385e+12
1944 1.944500 1.350484e+12
1945 1.945500 1.349584e+12
1946 1.946500 1.348684e+12
1947 1.947500 1.347784e+12
1948 1.948500 1.346884e+12
1949 1.949500 1.345983e+12
1950 1.950500 1.345083e+12
1951 1.951500 1.344183e+12
1952 1.952500 1.343283e+12
1953 1.953500 1.342383e+12
1954 1.954500 1.341482e+12
1955 1.955500 1.340582e+12
1956 1.956500 1.339682e+12
1957 1.957500 1.338782e+12
1958 1.958500 1.337882e+12
1959 1.959500 1.336981e+12
1960 1.960500 1.336081e+12
1961 1.961500 1.335181e+12
1962 1.962500 1.334281e+12
1963 1.963500 1.333381e+12
1964 1.964500 1.332480e+12
1965 1.965500 1.331580e+12
1966 1.966500 1.330680e+12
1967 1.967500 1.329780e+12
1968 1.968500 1.328880e+12
1969 1.969500 1.327979e+12
1970 1.970500 1.327079e+12
1971 1.971500 1.326179e+12
1972 1.972500 1.325279e+12
1973 1.973500 1.324379e+12
1974 1.974500 1.323478e+12
1975 1.975500 1.322578e+12
1976 1.976500 1.321678e+12
1977 1.977500 1.320778e+12
1978 1.978500 1.319878e+12
1979 1.979500 1.318977e+12
1980 1.980500 1.318077e+12
1981 1.981500 1.317177e+12
1982 1.982500 1.316277e+12
1983 1.983500 1.315377e+12
1984 1.984500 1.314476e+12
1985 1.985500 1.313576e+12
1986 1.986500 1.312676e+12
1987 1.987500 1.311776e+12
1988 1.988500 1.310876e+12
1989 1.989500 1.309975e+12
1990 1.990500 1.309075e+12
1991 1.991500 1.308175e+12
1992 1.992500 1.307275e+12
1993 1.993500 1.306375e+12
1994 1.994500 1.305474e+12
1995 1.995500 1.304574e+12
1996 1.996500 1.303674e+12
1997 1.997500 1.302774e+12
1998 1.998500 1.301874e+12
1999 1.999500 1.300973e+12
2000 2.000500 1.300129e+12
2001 2.001500 1.299415e+12
2002 2.002500 1.298700e+12
2003 2.003500 1.297985e+12
2004 2.004500 1.297271e+12
2005 2.005500 1.296557e+12
2006 2.006500 1.295843e+12
2007 2.007500 1.295129e+12
2008 2.008500 1.294415e+12
2009 2.009500 1.293702e+12
2010 2.010500 1.292988e+12
2011 2.011500 1.292275e+12
2012 2.012500 1.291562e+12
2013 2.013500 1.290849e+12
2014 2.014500 1.290136e+12
2015 2.015500 1.289424e+12
2016 2.016500 1.288711e+12
2017 2.017500 1.287999e+12
2018 2.018500 1.287287e+12
2019 2.019500 1.286575e+12
2020 2.020500 1.285863e+12
2021 2.021500 1.285151e+12
2022 2.022500 1.284440e+12
2023 2.023500 1.283728e+12
2024 2.024500 1.283017e+12
2025 2.025500 1.282306e+12
2026 2.026500 1.281595e+12
2027 2.027500 1.280885e+12
2028 2.028500 1.280174e+12
2029 2.029500 1.279464e+12
2030 2.030500 1.278753e+12
2031 2.031500 1.278043e+12
2032 2.032500 1.277333e+12
2033 2.033500 1.276624e+12
2034 2.034500 1.275914e+12
2035 2.035500 1.275205e+12
2036 2.036500 1.274495e+12
2037 2.037500 1.273786e+12
2038 2.038500 1.273077e+12
2039 2.039500 1.272369e+12
2040 2.040500 1.271660e+12
2041 2.041500 1.270951e+12
2042 2.042500 1.270243e+12
2043 2.043500 1.269535e+12
2044 2.044500 1.268827e+12
2045 2.045500 1.268119e+12
2046 2.046500 1.267411e+12
2047 2.047500 1.266704e+12
2048 2.048500 1.265997e+12
2049 2.049500 1.265289e+12
2050 2.050500 1.264582e+12
2051 2.051500 1.263876e+12
2052 2.052500 1.263169e+12
2053 2.053500 1.262462e+12
2054 2.054500 1.261756e+12
2055 2.055500 1.261050e+12
2056 2.056500 1.260344e+12
2057 2.057500 1.259638e+12
2058 2.058500 1.258932e+12
2059 2.059500 1.258227e+12
2060 2.060500 1.257521e+12
2061 2.061500 1.256816e+12
2062 2.062500 1.256111e+12
2063 2.063500 1.255406e+12
2064 2.064500 1.254702e+12
2065 2.065500 1.253997e+12
2066 2.066500 1.253293e+12
2067 2.067500 1.252588e+12
2068 2.068500 1.251884e+12
2069 2.069500 1.251181e+12
2070 2.070500 1.250477e+12
2071 2.071500 1.249773e+12
2072 2.072500 1.249070e+12
2073 2.073500 1.248367e+12
2074 2.074500 1.247664e+12
2075 2.075500 1.246961e+12
2076 2.076500 1.246258e+12
2077 2.077500 1.245556e+12
2078 2.078500 1.244853e+12
2079 2.079500 1.244151e+12
2080 2.080500 1.243449e+12
2081 2.081500 1.242747e+12
2082 2.082500 1.242045e+12
2083 2.083500 1.241344e+12
2084 2.084500 1.240642e+12
2085 2.085500 1.239941e+12
2086 2.086500 1.239240e+12
2087 2.087500 1.238539e+12
2088 2.088500 1.237839e+12
2089 2.089500 1.237138e+12
2090 2.090500 1.236438e+12
2091 2.091500 1.235738e+12
2092 2.092500 1.235038e+12
2093 2.093500 1.234338e+12
2094 2.094500 1.233638e+12
2095 2.095500 1.232939e+12
2096 2.096500 1.232239e+12
2097 2.097500 1.231540e+12
2098 2.098500 1.230841e+12
2099 2.099500 1.230142e+12
2100 2.100500 1.229444e+12
2101 2.101500 1.228745e+12
2102 2.102500 1.228047e+12
2103 2.103500 1.227349e+12
2104 2.104500 1.226651e+12
2105 2.105500 1.225953e+12
2106 2.106500 1.225256e+12
2107 2.107500 1.224558e+12
2108 2.108500 1.223861e+12
2109 2.109500 1.223164e+12
2110 2.110500 1.222467e+12
2111 2.111500 1.221770e+12
2112 2.112500 1.221073e+12
2113 2.113500 1.220377e+12
2114 2.114500 1.219681e+12
2115 2.115500 1.218985e+12
2116 2.116500 1.218289e+12
2117 2.117500 1.217593e+12
2118 2.118500 1.216898e+12
2119 2.119500 1.216202e+12
2120 2.120500 1.215507e+12
2121 2.121500 1.214812e+12
2122 2.122500 1.214117e+12
2123 2.123500 1.213423e+12
2124 2.124500 1.212728e+12
2125 2.125500 1.212034e+12
2126 2.126500 1.211340e+12
2127 2.127500 1.210646e+12
2128 2.128500 1.209952e+12
2129 2.129500 1.209258e+12
2130 2.130500 1.208565e+12
2131 2.131500 1.207872e+12
2132 2.132500 1.207179e+12
2133 2.133500 1.206486e+12
2134 2.134500 1.205793e+12
2135 2.135500 1.205101e+12
2136 2.136500 1.204408e+12
2137 2.137500 1.203716e+12
2138 2.138500 1.203024e+12
2139 2.139500 1.202332e+12
2140 2.140500 1.201640e+12
2141 2.141500 1.200949e+12
2142 2.142500 1.200258e+12
2143 2.143500 1.199567e+12
2144 2.144500 1.198876e+12
2145 2.145500 1.198185e+12
2146 2.146500 1.197494e+12
2147 2.147500 1.196804e+12
2148 2.148500 1.196114e+12
2149 2.149500 1.195424e+12
2150 2.150500 1.194734e+12
2151 2.151500 1.194044e+12
2152 2.152500 1.193355e+12
2153 2.153500 1.192665e+12
2154 2.154500 1.191976e+12
2155 2.155500 1.191287e+12
2156 2.156500 1.190598e+12
2157 2.157500 1.189910e+12
2158 2.158500 1.189221e+12
2159 2.159500 1.188533e+12
2160 2.160500 1.187845e+12
2161 2.161500 1.187157e+12
2162 2.162500 1.186469e+12
2163 2.163500 1.185782e+12
2164 2.164500 1.185094e+12
2165 2.165500 1.184407e+12
2166 2.166500 1.183720e+12
2167 2.167500 1.183033e+12
2168 2.168500 1.182347e+12
2169 2.169500 1.181660e+12
2170 2.170500 1.180974e+12
2171 2.171500 1.180288e+12
2172 2.172500 1.179602e+12
2173 2.173500 1.178916e+12
2174 2.174500 1.178231e+12
2175 2.175500 1.177546e+12
2176 2.176500 1.176860e+12
2177 2.177500 1.176175e+12
2178 2.178500 1.175491e+12
2179 2.179500 1.174806e+12
2180 2.180500 1.174122e+12
2181 2.181500 1.173437e+12
2182 2.182500 1.172753e+12
2183 2.183500 1.172069e+12
2184 2.184500 1.171386e+12
2185 2.185500 1.170702e+12
2186 2.186500 1.170019e+12
2187 2.187500 1.169336e+12
2188 2.188500 1.168653e+12
2189 2.189500 1.167970e+12
2190 2.190500 1.167287e+12
2191 2.191500 1.166605e+12
2192 2.192500 1.165923e+12
2193 2.193500 1.165241e+12
2194 2.194500 1.164559e+12
2195 2.195500 1.163877e+12
2196 2.196500 1.163196e+12
2197 2.197500 1.162515e+12
2198 2.198500 1.161833e+12
2199 2.199500 1.161153e+12
2200 2.200500 1.160472e+12
2201 2.201500 1.159791e+12
2202 2.202500 1.159111e+12
2203 2.203500 1.158431e+12
2204 2.204500 1.157751e+12
2205 2.205500 1.157071e+12
2206 2.206500 1.156391e+12
2207 2.207500 1.155712e+12
2208 2.208500 1.155033e+12
2209 2.209500 1.154354e+12
2210 2.210500 1.153675e+12
2211 2.211500 1.152996e+12
2212 2.212500 1.152318e+12
2213 2.213500 1.151639e+12
2214 2.214500 1.150961e+12
2215 2.215500 1.150283e+12
2216 2.216500 1.149606e+12
2217 2.217500 1.148928e+12
2218 2.218500 1.148251e+12
2219 2.219500 1.147574e+12
2220 2.220500 1.146897e+12
2221 2.221500 1.146220e+12
2222 2.222500 1.145543e+12
2223 2.223500 1.144867e+12
2224 2.224500 1.144191e+12
2225 2.225500 1.143515e+12
2226 2.226500 1.142839e+12
2227 2.227500 1.142163e+12
2228 2.228500 1.141488e+12
2229 2.229500 1.140812e+12
2230 2.230500 1.140137e+12
2231 2.231500 1.139463e+12
2232 2.232500 1.138788e+12
2233 2.233500 1.138113e+12
2234 2.234500 1.137439e+12
2235 2.235500 1.136765e+12
2236 2.236500 1.136091e+12
2237 2.237500 1.135417e+12
2238 2.238500 1.134744e+12
2239 2.239500 1.134070e+12
2240 2.240500 1.133397e+12
2241 2.241500 1.132724e+12
2242 2.242500 1.132052e+12
2243 2.243500 1.131379e+12
2244 2.244500 1.130707e+12
2245 2.245500 1.130034e+12
2246 2.246500 1.129362e+12
2247 2.247500 1.128691e+12
2248 2.248500 1.128019e+12
2249 2.249500 1.127348e+12
2250 2.250500 1.126676e+12
2251 2.251500 1.126005e+12
2252 2.252500 1.125334e+12
2253 2.253500 1.124664e+12
2254 2.254500 1.123993e+12
2255 2.255500 1.123323e+12
2256 2.256500 1.122653e+12
2257 2.257500 1.121983e+12
2258 2.258500 1.121313e+12
2259 2.259500 1.120644e+12
2260 2.260500 1.119975e+12
2261 2.261500 1.119306e+12
2262 2.262500 1.118637e+12
2263 2.263500 1.117968e+12
2264 2.264500 1.117299e+12
2265 2.265500 1.116631e+12
2266 2.266500 1.115963e+12
2267 2.267500 1.115295e+12
2268 2.268500 1.114627e+12
2269 2.269500 1.113960e+12
2270 2.270500 1.113293e+12
2271 2.271500 1.112625e+12
2272 2.272500 1.111958e+12
2273 2.273500 1.111292e+12
2274 2.274500 1.110625e+12
2275 2.275500 1.109959e+12
2276 2.276500 1.109293e+12
2277 2.277500 1.108627e+12
2278 2.278500 1.107961e+12
2279 2.279500 1.107295e+12
2280 2.280500 1.106630e+12
2281 2.281500 1.105965e+12
2282 2.282500 1.105300e+12
2283 2.283500 1.104635e+12
2284 2.284500 1.103971e+12
2285 2.285500 1.103306e+12
2286 2.286500 1.102642e+12
2287 2.287500 1.101978e+12
2288 2.288500 1.101314e+12
2289 2.289500 1.100651e+12
2290 2.290500 1.099987e+12
2291 2.291500 1.099324e+12
2292 2.292500 1.098661e+12
2293 2.293500 1.097998e+12
2294 2.294500 1.097336e+12
2295 2.295500 1.096673e+12
2296 2.296500 1.096011e+12
2297 2.297500 1.095349e+12
2298 2.298500 1.094687e+12
2299 2.299500 1.094026e+12
2300 2.300500 1.093364e+12
2301 2.301500 1.092703e+12
2302 2.302500 1.092042e+12
2303 2.303500 1.091381e+12
2304 2.304500 1.090721e+12
2305 2.305500 1.090060e+12
2306 2.306500 1.089400e+12
2307 2.307500 1.088740e+12
2308 2.308500 1.088080e+12
2309 2.309500 1.087421e+12
2310 2.310500 1.086761e+12
2311 2.311500 1.086102e+12
2312 2.312500 1.085443e+12
2313 2.313500 1.084784e+12
2314 2.314500 1.084126e+12
2315 2.315500 1.083467e+12
2316 2.316500 1.082809e+12
2317 2.317500 1.082151e+12
2318 2.318500 1.081493e+12
2319 2.319500 1.080836e+12
2320 2.320500 1.080178e+12
2321 2.321500 1.079521e+12
2322 2.322500 1.078864e+12
2323 2.323500 1.078207e+12
2324 2.324500 1.077551e+12
2325 2.325500 1.076895e+12
2326 2.326500 1.076238e+12
2327 2.327500 1.075582e+12
2328 2.328500 1.074927e+12
2329 2.329500 1.074271e+12
2330 2.330500 1.073616e+12
2331 2.331500 1.072961e+12
2332 2.332500 1.072306e+12
2333 2.333500 1.071651e+12
2334 2.334500 1.070996e+12
2335 2.335500 1.070342e+12
2336 2.336500 1.069688e+12
2337 2.337500 1.069034e+12
2338 2.338500 1.068380e+12
2339 2.339500 1.067727e+12
2340 2.340500 1.067073e+12
2341 2.341500 1.066420e+12
2342 2.342500 1.065767e+12
2343 2.343500 1.065115e+12
2344 2.344500 1.064462e+12
2345 2.345500 1.063810e+12
2346 2.346500 1.063158e+12
2347 2.347500 1.062506e+12
2348 2.348500 1.061854e+12
2349 2.349500 1.061203e+12
2350 2.350500 1.060552e+12
2351 2.351500 1.059900e+12
2352 2.352500 1.059250e+12
2353 2.353500 1.058599e+12
2354 2.354500 1.057949e+12
2355 2.355500 1.057298e+12
2356 2.356500 1.056648e+12
2357 2.357500 1.055998e+12
2358 2.358500 1.055349e+12
2359 2.359500 1.054699e+12
2360 2.360500 1.054050e+12
2361 2.361500 1.053401e+12
2362 2.362500 1.052752e+12
2363 2.363500 1.052104e+12
2364 2.364500 1.051456e+12
2365 2.365500 1.050807e+12
2366 2.366500 1.050159e+12
2367 2.367500 1.049512e+12
2368 2.368500 1.048864e+12
2369 2.369500 1.048217e+12
2370 2.370500 1.047570e+12
2371 2.371500 1.046923e+12
2372 2.372500 1.046276e+12
2373 2.373500 1.045630e+12
2374 2.374500 1.044983e+12
2375 2.375500 1.044337e+12
2376 2.376500 1.043691e+12
2377 2.377500 1.043046e+12
2378 2.378500 1.042400e+12
2379 2.379500 1.041755e+12
2380 2.380500 1.041110e+12
2381 2.381500 1.040465e+12
2382 2.382500 1.039820e+12
2383 2.383500 1.039176e+12
2384 2.384500 1.038532e+12
2385 2.385500 1.037888e+12
2386 2.386500 1.037244e+12
2387 2.387500 1.036600e+12
2388 2.388500 1.035957e+12
2389 2.389500 1.035314e+12
2390 2.390500 1.034671e+12
2391 2.391500 1.034028e+12
2392 2.392500 1.033386e+12
2393 2.393500 1.032743e+12
2394 2.394500 1.032101e+12
2395 2.395500 1.031459e+12
2396 2.396500 1.030818e+12
2397 2.397500 1.030176e+12
2398 2.398500 1.029535e+12
2399 2.399500 1.028894e+12
2400 2.400500 1.028253e+12
2401 2.401500 1.027612e+12
2402 2.402500 1.026972e+12
2403 2.403500 1.026332e+12
2404 2.404500 1.025692e+12
2405 2.405500 1.025052e+12
2406 2.406500 1.024412e+12
2407 2.407500 1.023773e+12
2408 2.408500 1.023134e+12
2409 2.409500 1.022495e+12
2410 2.410500 1.021856e+12
2411 2.411500 1.021218e+12
2412 2.412500 1.020579e+12
2413 2.413500 1.019941e+12
2414 2.414500 1.019303e+12
2415 2.415500 1.018666e+12
2416 2.416500 1.018028e+12
2417 2.417500 1.017391e+12
2418 2.418500 1.016754e+12
2419 2.419500 1.016117e+12
2420 2.420500 1.015481e+12
2421 2.421500 1.014844e+12
2422 2.422500 1.014208e+12
2423 2.423500 1.013572e+12
2424 2.424500 1.012936e+12
2425 2.425500 1.012301e+12
2426 2.426500 1.011665e+12
2427 2.427500 1.011030e+12
2428 2.428500 1.010395e+12
2429 2.429500 1.009761e+12
2430 2.430500 1.009126e+12
2431 2.431500 1.008492e+12
2432 2.432500 1.007858e+12
2433 2.433500 1.007224e+12
2434 2.434500 1.006591e+12
2435 2.435500 1.005957e+12
2436 2.436500 1.005324e+12
2437 2.437500 1.004691e+12
2438 2.438500 1.004058e+12
2439 2.439500 1.003426e+12
2440 2.440500 1.002793e+12
2441 2.441500 1.002161e+12
2442 2.442500 1.001529e+12
2443 2.443500 1.000898e+12
2444 2.444500 1.000266e+12
2445 2.445500 9.996351e+11
2446 2.446500 9.990041e+11
2447 2.447500 9.983733e+11
2448 2.448500 9.977427e+11
2449 2.449500 9.971123e+11
2450 2.450500 9.964821e+11
2451 2.451500 9.958522e+11
2452 2.452500 9.952225e+11
2453 2.453500 9.945930e+11
2454 2.454500 9.939637e+11
2455 2.455500 9.933346e+11
2456 2.456500 9.927057e+11
2457 2.457500 9.920771e+11
2458 2.458500 9.914486e+11
2459 2.459500 9.908204e+11
2460 2.460500 9.901924e+11
2461 2.461500 9.895646e+11
2462 2.462500 9.889371e+11
2463 2.463500 9.883097e+11
2464 2.464500 9.876826e+11
2465 2.465500 9.870557e+11
2466 2.466500 9.864290e+11
2467 2.467500 9.858025e+11
2468 2.468500 9.851763e+11
2469 2.469500 9.845502e+11
2470 2.470500 9.839244e+11
2471 2.471500 9.832988e+11
2472 2.472500 9.826734e+11
2473 2.473500 9.820482e+11
2474 2.474500 9.814233e+11
2475 2.475500 9.807986e+11
2476 2.476500 9.801740e+11
2477 2.477500 9.795497e+11
2478 2.478500 9.789257e+11
2479 2.479500 9.783018e+11
2480 2.480500 9.776782e+11
2481 2.481500 9.770548e+11
2482 2.482500 9.764316e+11
2483 2.483500 9.758086e+11
2484 2.484500 9.751858e+11
2485 2.485500 9.745633e+11
2486 2.486500 9.739409e+11
2487 2.487500 9.733188e+11
2488 2.488500 9.726970e+11
2489 2.489500 9.720753e+11
2490 2.490500 9.714538e+11
2491 2.491500 9.708326e+11
2492 2.492500 9.702116e+11
2493 2.493500 9.695908e+11
2494 2.494500 9.689703e+11
2495 2.495500 9.683499e+11
2496 2.496500 9.677298e+11
2497 2.497500 9.671099e+11
2498 2.498500 9.664902e+11
2499 2.499500 9.658707e+11
2500 2.500500 9.652515e+11
2501 2.501500 9.646325e+11
2502 2.502500 9.640137e+11
2503 2.503500 9.633951e+11
2504 2.504500 9.627767e+11
2505 2.505500 9.621586e+11
2506 2.506500 9.615407e+11
2507 2.507500 9.609230e+11
2508 2.508500 9.603055e+11
2509 2.509500 9.596882e+11
2510 2.510500 9.590712e+11
2511 2.511500 9.584544e+11
2512 2.512500 9.578378e+11
2513 2.513500 9.572214e+11
2514 2.514500 9.566053e+11
2515 2.515500 9.559893e+11
2516 2.516500 9.553736e+11
2517 2.517500 9.547582e+11
2518 2.518500 9.541429e+11
2519 2.519500 9.535279e+11
2520 2.520500 9.529130e+11
2521 2.521500 9.522985e+11
2522 2.522500 9.516841e+11
2523 2.523500 9.510699e+11
2524 2.524500 9.504560e+11
2525 2.525500 9.498423e+11
2526 2.526500 9.492288e+11
2527 2.527500 9.486156e+11
2528 2.528500 9.480025e+11
2529 2.529500 9.473897e+11
2530 2.530500 9.467771e+11
2531 2.531500 9.461648e+11
2532 2.532500 9.455526e+11
2533 2.533500 9.449407e+11
2534 2.534500 9.443290e+11
2535 2.535500 9.437175e+11
2536 2.536500 9.431063e+11
2537 2.537500 9.424953e+11
2538 2.538500 9.418845e+11
2539 2.539500 9.412739e+11
2540 2.540500 9.406635e+11
2541 2.541500 9.400534e+11
2542 2.542500 9.394435e+11
2543 2.543500 9.388338e+11
2544 2.544500 9.382244e+11
2545 2.545500 9.376151e+11
2546 2.546500 9.370061e+11
2547 2.547500 9.363973e+11
2548 2.548500 9.357888e+11
2549 2.549500 9.351804e+11
2550 2.550500 9.345723e+11
2551 2.551500 9.339644e+11
2552 2.552500 9.333568e+11
2553 2.553500 9.327493e+11
2554 2.554500 9.321421e+11
2555 2.555500 9.315352e+11
2556 2.556500 9.309284e+11
2557 2.557500 9.303219e+11
2558 2.558500 9.297155e+11
2559 2.559500 9.291095e+11
2560 2.560500 9.285036e+11
2561 2.561500 9.278980e+11
2562 2.562500 9.272926e+11
2563 2.563500 9.266874e+11
2564 2.564500 9.260824e+11
2565 2.565500 9.254777e+11
2566 2.566500 9.248732e+11
2567 2.567500 9.242689e+11
2568 2.568500 9.236648e+11
2569 2.569500 9.230610e+11
2570 2.570500 9.224574e+11
2571 2.571500 9.218540e+11
2572 2.572500 9.212509e+11
2573 2.573500 9.206480e+11
2574 2.574500 9.200453e+11
2575 2.575500 9.194428e+11
2576 2.576500 9.188406e+11
2577 2.577500 9.182385e+11
2578 2.578500 9.176368e+11
2579 2.579500 9.170352e+11
2580 2.580500 9.164339e+11
2581 2.581500 9.158327e+11
2582 2.582500 9.152319e+11
2583 2.583500 9.146312e+11
2584 2.584500 9.140308e+11
2585 2.585500 9.134306e+11
2586 2.586500 9.128306e+11
2587 2.587500 9.122309e+11
2588 2.588500 9.116313e+11
2589 2.589500 9.110321e+11
2590 2.590500 9.104330e+11
2591 2.591500 9.098342e+11
2592 2.592500 9.092356e+11
2593 2.593500 9.086372e+11
2594 2.594500 9.080390e+11
2595 2.595500 9.074411e+11
2596 2.596500 9.068434e+11
2597 2.597500 9.062459e+11
2598 2.598500 9.056487e+11
2599 2.599500 9.050517e+11
2600 2.600500 9.044549e+11
2601 2.601500 9.038583e+11
2602 2.602500 9.032620e+11
2603 2.603500 9.026659e+11
2604 2.604500 9.020701e+11
2605 2.605500 9.014744e+11
2606 2.606500 9.008790e+11
2607 2.607500 9.002838e+11
2608 2.608500 8.996889e+11
2609 2.609500 8.990941e+11
2610 2.610500 8.984996e+11
2611 2.611500 8.979054e+11
2612 2.612500 8.973113e+11
2613 2.613500 8.967175e+11
2614 2.614500 8.961240e+11
2615 2.615500 8.955306e+11
2616 2.616500 8.949375e+11
2617 2.617500 8.943446e+11
2618 2.618500 8.937519e+11
2619 2.619500 8.931595e+11
2620 2.620500 8.925673e+11
2621 2.621500 8.919753e+11
2622 2.622500 8.913836e+11
2623 2.623500 8.907921e+11
2624 2.624500 8.902008e+11
2625 2.625500 8.896097e+11
2626 2.626500 8.890189e+11
2627 2.627500 8.884283e+11
2628 2.628500 8.878379e+11
2629 2.629500 8.872478e+11
2630 2.630500 8.866579e+11
2631 2.631500 8.860682e+11
2632 2.632500 8.854788e+11
2633 2.633500 8.848896e+11
2634 2.634500 8.843006e+11
2635 2.635500 8.837119e+11
2636 2.636500 8.831233e+11
2637 2.637500 8.825350e+11
2638 2.638500 8.819470e+11
2639 2.639500 8.813592e+11
2640 2.640500 8.807716e+11
2641 2.641500 8.801842e+11
2642 2.642500 8.795971e+11
2643 2.643500 8.790102e+11
2644 2.644500 8.784235e+11
2645 2.645500 8.778370e+11
2646 2.646500 8.772508e+11
2647 2.647500 8.766649e+11
2648 2.648500 8.760791e+11
2649 2.649500 8.754936e+11
2650 2.650500 8.749083e+11
2651 2.651500 8.743233e+11
2652 2.652500 8.737384e+11
2653 2.653500 8.731539e+11
2654 2.654500 8.725695e+11
2655 2.655500 8.719854e+11
2656 2.656500 8.714015e+11
2657 2.657500 8.708178e+11
2658 2.658500 8.702344e+11
2659 2.659500 8.696512e+11
2660 2.660500 8.690682e+11
2661 2.661500 8.684855e+11
2662 2.662500 8.679030e+11
2663 2.663500 8.673207e+11
2664 2.664500 8.667387e+11
2665 2.665500 8.661569e+11
2666 2.666500 8.655753e+11
2667 2.667500 8.649940e+11
2668 2.668500 8.644129e+11
2669 2.669500 8.638320e+11
2670 2.670500 8.632514e+11
2671 2.671500 8.626709e+11
2672 2.672500 8.620908e+11
2673 2.673500 8.615108e+11
2674 2.674500 8.609311e+11
2675 2.675500 8.603516e+11
2676 2.676500 8.597724e+11
2677 2.677500 8.591934e+11
2678 2.678500 8.586146e+11
2679 2.679500 8.580361e+11
2680 2.680500 8.574578e+11
2681 2.681500 8.568797e+11
2682 2.682500 8.563018e+11
2683 2.683500 8.557242e+11
2684 2.684500 8.551469e+11
2685 2.685500 8.545697e+11
2686 2.686500 8.539928e+11
2687 2.687500 8.534161e+11
2688 2.688500 8.528397e+11
2689 2.689500 8.522635e+11
2690 2.690500 8.516875e+11
2691 2.691500 8.511118e+11
2692 2.692500 8.505362e+11
2693 2.693500 8.499610e+11
2694 2.694500 8.493859e+11
2695 2.695500 8.488111e+11
2696 2.696500 8.482366e+11
2697 2.697500 8.476622e+11
2698 2.698500 8.470881e+11
2699 2.699500 8.465142e+11
2700 2.700500 8.459406e+11
2701 2.701500 8.453672e+11
2702 2.702500 8.447941e+11
2703 2.703500 8.442211e+11
2704 2.704500 8.436484e+11
2705 2.705500 8.430760e+11
2706 2.706500 8.425037e+11
2707 2.707500 8.419317e+11
2708 2.708500 8.413600e+11
2709 2.709500 8.407885e+11
2710 2.710500 8.402172e+11
2711 2.711500 8.396461e+11
2712 2.712500 8.390753e+11
2713 2.713500 8.385047e+11
2714 2.714500 8.379344e+11
2715 2.715500 8.373643e+11
2716 2.716500 8.367944e+11
2717 2.717500 8.362247e+11
2718 2.718500 8.356553e+11
2719 2.719500 8.350862e+11
2720 2.720500 8.345172e+11
2721 2.721500 8.339485e+11
2722 2.722500 8.333801e+11
2723 2.723500 8.328118e+11
2724 2.724500 8.322438e+11
2725 2.725500 8.316761e+11
2726 2.726500 8.311085e+11
2727 2.727500 8.305413e+11
2728 2.728500 8.299742e+11
2729 2.729500 8.294074e+11
2730 2.730500 8.288408e+11
2731 2.731500 8.282745e+11
2732 2.732500 8.277084e+11
2733 2.733500 8.271425e+11
2734 2.734500 8.265768e+11
2735 2.735500 8.260114e+11
2736 2.736500 8.254463e+11
2737 2.737500 8.248813e+11
2738 2.738500 8.243167e+11
2739 2.739500 8.237522e+11
2740 2.740500 8.231880e+11
2741 2.741500 8.226240e+11
2742 2.742500 8.220602e+11
2743 2.743500 8.214967e+11
2744 2.744500 8.209335e+11
2745 2.745500 8.203704e+11
2746 2.746500 8.198076e+11
2747 2.747500 8.192451e+11
2748 2.748500 8.186827e+11
2749 2.749500 8.181206e+11
2750 2.750500 8.175588e+11
2751 2.751500 8.169972e+11
2752 2.752500 8.164358e+11
2753 2.753500 8.158746e+11
2754 2.754500 8.153137e+11
2755 2.755500 8.147531e+11
2756 2.756500 8.141926e+11
2757 2.757500 8.136324e+11
2758 2.758500 8.130725e+11
2759 2.759500 8.125127e+11
2760 2.760500 8.119533e+11
2761 2.761500 8.113940e+11
2762 2.762500 8.108350e+11
2763 2.763500 8.102762e+11
2764 2.764500 8.097177e+11
2765 2.765500 8.091594e+11
2766 2.766500 8.086013e+11
2767 2.767500 8.080435e+11
2768 2.768500 8.074859e+11
2769 2.769500 8.069286e+11
2770 2.770500 8.063715e+11
2771 2.771500 8.058146e+11
2772 2.772500 8.052580e+11
2773 2.773500 8.047016e+11
2774 2.774500 8.041454e+11
2775 2.775500 8.035895e+11
2776 2.776500 8.030338e+11
2777 2.777500 8.024783e+11
2778 2.778500 8.019231e+11
2779 2.779500 8.013682e+11
2780 2.780500 8.008134e+11
2781 2.781500 8.002589e+11
2782 2.782500 7.997047e+11
2783 2.783500 7.991506e+11
2784 2.784500 7.985969e+11
2785 2.785500 7.980433e+11
2786 2.786500 7.974900e+11
2787 2.787500 7.969369e+11
2788 2.788500 7.963841e+11
2789 2.789500 7.958315e+11
2790 2.790500 7.952792e+11
2791 2.791500 7.947271e+11
2792 2.792500 7.941752e+11
2793 2.793500 7.936236e+11
2794 2.794500 7.930722e+11
2795 2.795500 7.925210e+11
2796 2.796500 7.919701e+11
2797 2.797500 7.914194e+11
2798 2.798500 7.908689e+11
2799 2.799500 7.903187e+11
2800 2.800500 7.897688e+11
2801 2.801500 7.892190e+11
2802 2.802500 7.886696e+11
2803 2.803500 7.881203e+11
2804 2.804500 7.875713e+11
2805 2.805500 7.870225e+11
2806 2.806500 7.864740e+11
2807 2.807500 7.859257e+11
2808 2.808500 7.853776e+11
2809 2.809500 7.848298e+11
2810 2.810500 7.842822e+11
2811 2.811500 7.837349e+11
2812 2.812500 7.831878e+11
2813 2.813500 7.826409e+11
2814 2.814500 7.820943e+11
2815 2.815500 7.815479e+11
2816 2.816500 7.810018e+11
2817 2.817500 7.804559e+11
2818 2.818500 7.799102e+11
2819 2.819500 7.793648e+11
2820 2.820500 7.788196e+11
2821 2.821500 7.782747e+11
2822 2.822500 7.777300e+11
2823 2.823500 7.771855e+11
2824 2.824500 7.766413e+11
2825 2.825500 7.760973e+11
2826 2.826500 7.755535e+11
2827 2.827500 7.750100e+11
2828 2.828500 7.744668e+11
2829 2.829500 7.739237e+11
2830 2.830500 7.733809e+11
2831 2.831500 7.728384e+11
2832 2.832500 7.722961e+11
2833 2.833500 7.717540e+11
2834 2.834500 7.712122e+11
2835 2.835500 7.706706e+11
2836 2.836500 7.701292e+11
2837 2.837500 7.695881e+11
2838 2.838500 7.690473e+11
2839 2.839500 7.685066e+11
2840 2.840500 7.679662e+11
2841 2.841500 7.674261e+11
2842 2.842500 7.668862e+11
2843 2.843500 7.663465e+11
2844 2.844500 7.658071e+11
2845 2.845500 7.652679e+11
2846 2.846500 7.647289e+11
2847 2.847500 7.641902e+11
2848 2.848500 7.636517e+11
2849 2.849500 7.631135e+11
2850 2.850500 7.625755e+11
2851 2.851500 7.620378e+11
2852 2.852500 7.615003e+11
2853 2.853500 7.609630e+11
2854 2.854500 7.604260e+11
2855 2.855500 7.598892e+11
2856 2.856500 7.593526e+11
2857 2.857500 7.588163e+11
2858 2.858500 7.582803e+11
2859 2.859500 7.577444e+11
2860 2.860500 7.572089e+11
2861 2.861500 7.566735e+11
2862 2.862500 7.561384e+11
2863 2.863500 7.556035e+11
2864 2.864500 7.550689e+11
2865 2.865500 7.545345e+11
2866 2.866500 7.540004e+11
2867 2.867500 7.534665e+11
2868 2.868500 7.529328e+11
2869 2.869500 7.523994e+11
2870 2.870500 7.518662e+11
2871 2.871500 7.513333e+11
2872 2.872500 7.508006e+11
2873 2.873500 7.502681e+11
2874 2.874500 7.497359e+11
2875 2.875500 7.492040e+11
2876 2.876500 7.486722e+11
2877 2.877500 7.481407e+11
2878 2.878500 7.476095e+11
2879 2.879500 7.470785e+11
2880 2.880500 7.465477e+11
2881 2.881500 7.460172e+11
2882 2.882500 7.454869e+11
2883 2.883500 7.449568e+11
2884 2.884500 7.444270e+11
2885 2.885500 7.438975e+11
2886 2.886500 7.433682e+11
2887 2.887500 7.428391e+11
2888 2.888500 7.423102e+11
2889 2.889500 7.417816e+11
2890 2.890500 7.412533e+11
2891 2.891500 7.407252e+11
2892 2.892500 7.401973e+11
2893 2.893500 7.396697e+11
2894 2.894500 7.391423e+11
2895 2.895500 7.386151e+11
2896 2.896500 7.380882e+11
2897 2.897500 7.375615e+11
2898 2.898500 7.370351e+11
2899 2.899500 7.365089e+11
2900 2.900500 7.359830e+11
2901 2.901500 7.354573e+11
2902 2.902500 7.349318e+11
2903 2.903500 7.344066e+11
2904 2.904500 7.338816e+11
2905 2.905500 7.333569e+11
2906 2.906500 7.328324e+11
2907 2.907500 7.323082e+11
2908 2.908500 7.317842e+11
2909 2.909500 7.312604e+11
2910 2.910500 7.307369e+11
2911 2.911500 7.302136e+11
2912 2.912500 7.296905e+11
2913 2.913500 7.291677e+11
2914 2.914500 7.286452e+11
2915 2.915500 7.281229e+11
2916 2.916500 7.276008e+11
2917 2.917500 7.270789e+11
2918 2.918500 7.265574e+11
2919 2.919500 7.260360e+11
2920 2.920500 7.255149e+11
2921 2.921500 7.249940e+11
2922 2.922500 7.244734e+11
2923 2.923500 7.239530e+11
2924 2.924500 7.234329e+11
2925 2.925500 7.229130e+11
2926 2.926500 7.223933e+11
2927 2.927500 7.218739e+11
2928 2.928500 7.213547e+11
2929 2.929500 7.208358e+11
2930 2.930500 7.203171e+11
2931 2.931500 7.197987e+11
2932 2.932500 7.192805e+11
2933 2.933500 7.187625e+11
2934 2.934500 7.182448e+11
2935 2.935500 7.177273e+11
2936 2.936500 7.172101e+11
2937 2.937500 7.166931e+11
2938 2.938500 7.161763e+11
2939 2.939500 7.156598e+11
2940 2.940500 7.151435e+11
2941 2.941500 7.146275e+11
2942 2.942500 7.141117e+11
2943 2.943500 7.135962e+11
2944 2.944500 7.130809e+11
2945 2.945500 7.125658e+11
2946 2.946500 7.120510e+11
2947 2.947500 7.115365e+11
2948 2.948500 7.110221e+11
2949 2.949500 7.105080e+11
2950 2.950500 7.099942e+11
2951 2.951500 7.094806e+11
2952 2.952500 7.089672e+11
2953 2.953500 7.084541e+11
2954 2.954500 7.079412e+11
2955 2.955500 7.074286e+11
2956 2.956500 7.069162e+11
2957 2.957500 7.064041e+11
2958 2.958500 7.058922e+11
2959 2.959500 7.053805e+11
2960 2.960500 7.048691e+11
2961 2.961500 7.043579e+11
2962 2.962500 7.038470e+11
2963 2.963500 7.033363e+11
2964 2.964500 7.028258e+11
2965 2.965500 7.023156e+11
2966 2.966500 7.018056e+11
2967 2.967500 7.012959e+11
2968 2.968500 7.007864e+11
2969 2.969500 7.002772e+11
2970 2.970500 6.997682e+11
2971 2.971500 6.992595e+11
2972 2.972500 6.987509e+11
2973 2.973500 6.982427e+11
2974 2.974500 6.977347e+11
2975 2.975500 6.972269e+11
2976 2.976500 6.967193e+11
2977 2.977500 6.962120e+11
2978 2.978500 6.957050e+11
2979 2.979500 6.951982e+11
2980 2.980500 6.946916e+11
2981 2.981500 6.941853e+11
2982 2.982500 6.936792e+11
2983 2.983500 6.931733e+11
2984 2.984500 6.926678e+11
2985 2.985500 6.921624e+11
2986 2.986500 6.916573e+11
2987 2.987500 6.911524e+11
2988 2.988500 6.906478e+11
2989 2.989500 6.901434e+11
2990 2.990500 6.896393e+11
2991 2.991500 6.891354e+11
2992 2.992500 6.886317e+11
2993 2.993500 6.881283e+11
2994 2.994500 6.876251e+11
2995 2.995500 6.871222e+11
2996 2.996500 6.866195e+11
2997 2.997500 6.861171e+11
2998 2.998500 6.856149e+11
2999 2.999500 6.851129e+11
3000 3.000500 6.846112e+11
3001 3.001500 6.841097e+11
3002 3.002500 6.836085e+11
3003 3.003500 6.831075e+11
3004 3.004500 6.826068e+11
3005 3.005500 6.821063e+11
3006 3.006500 6.816060e+11
3007 3.007500 6.811060e+11
3008 3.008500 6.806062e+11
3009 3.009500 6.801067e+11
3010 3.010500 6.796074e+11
3011 3.011500 6.791084e+11
3012 3.012500 6.786096e+11
3013 3.013500 6.781110e+11
3014 3.014500 6.776127e+11
3015 3.015500 6.771146e+11
3016 3.016500 6.766168e+11
3017 3.017500 6.761192e+11
3018 3.018500 6.756219e+11
3019 3.019500 6.751248e+11
3020 3.020500 6.746279e+11
3021 3.021500 6.741313e+11
3022 3.022500 6.736349e+11
3023 3.023500 6.731388e+11
3024 3.024500 6.726429e+11
3025 3.025500 6.721473e+11
3026 3.026500 6.716519e+11
3027 3.027500 6.711567e+11
3028 3.028500 6.706618e+11
3029 3.029500 6.701671e+11
3030 3.030500 6.696727e+11
3031 3.031500 6.691785e+11
3032 3.032500 6.686846e+11
3033 3.033500 6.681909e+11
3034 3.034500 6.676974e+11
3035 3.035500 6.672042e+11
3036 3.036500 6.667112e+11
3037 3.037500 6.662185e+11
3038 3.038500 6.657260e+11
3039 3.039500 6.652338e+11
3040 3.040500 6.647418e+11
3041 3.041500 6.642500e+11
3042 3.042500 6.637585e+11
3043 3.043500 6.632672e+11
3044 3.044500 6.627762e+11
3045 3.045500 6.622854e+11
3046 3.046500 6.617949e+11
3047 3.047500 6.613046e+11
3048 3.048500 6.608145e+11
3049 3.049500 6.603247e+11
3050 3.050500 6.598352e+11
3051 3.051500 6.593458e+11
3052 3.052500 6.588567e+11
3053 3.053500 6.583679e+11
3054 3.054500 6.578793e+11
3055 3.055500 6.573910e+11
3056 3.056500 6.569028e+11
3057 3.057500 6.564150e+11
3058 3.058500 6.559273e+11
3059 3.059500 6.554400e+11
3060 3.060500 6.549528e+11
3061 3.061500 6.544659e+11
3062 3.062500 6.539793e+11
3063 3.063500 6.534929e+11
3064 3.064500 6.530067e+11
3065 3.065500 6.525208e+11
3066 3.066500 6.520351e+11
3067 3.067500 6.515497e+11
3068 3.068500 6.510645e+11
3069 3.069500 6.505795e+11
3070 3.070500 6.500948e+11
3071 3.071500 6.496103e+11
3072 3.072500 6.491261e+11
3073 3.073500 6.486421e+11
3074 3.074500 6.481584e+11
3075 3.075500 6.476749e+11
3076 3.076500 6.471916e+11
3077 3.077500 6.467086e+11
3078 3.078500 6.462259e+11
3079 3.079500 6.457433e+11
3080 3.080500 6.452610e+11
3081 3.081500 6.447790e+11
3082 3.082500 6.442972e+11
3083 3.083500 6.438157e+11
3084 3.084500 6.433343e+11
3085 3.085500 6.428533e+11
3086 3.086500 6.423725e+11
3087 3.087500 6.418919e+11
3088 3.088500 6.414115e+11
3089 3.089500 6.409314e+11
3090 3.090500 6.404516e+11
3091 3.091500 6.399720e+11
3092 3.092500 6.394926e+11
3093 3.093500 6.390135e+11
3094 3.094500 6.385346e+11
3095 3.095500 6.380560e+11
3096 3.096500 6.375776e+11
3097 3.097500 6.370994e+11
3098 3.098500 6.366215e+11
3099 3.099500 6.361438e+11
3100 3.100500 6.356664e+11
3101 3.101500 6.351892e+11
3102 3.102500 6.347123e+11
3103 3.103500 6.342356e+11
3104 3.104500 6.337591e+11
3105 3.105500 6.332829e+11
3106 3.106500 6.328069e+11
3107 3.107500 6.323312e+11
3108 3.108500 6.318557e+11
3109 3.109500 6.313805e+11
3110 3.110500 6.309055e+11
3111 3.111500 6.304307e+11
3112 3.112500 6.299562e+11
3113 3.113500 6.294820e+11
3114 3.114500 6.290079e+11
3115 3.115500 6.285341e+11
3116 3.116500 6.280606e+11
3117 3.117500 6.275873e+11
3118 3.118500 6.271142e+11
3119 3.119500 6.266414e+11
3120 3.120500 6.261688e+11
3121 3.121500 6.256965e+11
3122 3.122500 6.252244e+11
3123 3.123500 6.247526e+11
3124 3.124500 6.242810e+11
3125 3.125500 6.238096e+11
3126 3.126500 6.233385e+11
3127 3.127500 6.228676e+11
3128 3.128500 6.223970e+11
3129 3.129500 6.219266e+11
3130 3.130500 6.214565e+11
3131 3.131500 6.209865e+11
3132 3.132500 6.205169e+11
3133 3.133500 6.200475e+11
3134 3.134500 6.195783e+11
3135 3.135500 6.191094e+11
3136 3.136500 6.186407e+11
3137 3.137500 6.181722e+11
3138 3.138500 6.177040e+11
3139 3.139500 6.172360e+11
3140 3.140500 6.167683e+11
3141 3.141500 6.163008e+11
3142 3.142500 6.158336e+11
3143 3.143500 6.153666e+11
3144 3.144500 6.148998e+11
3145 3.145500 6.144333e+11
3146 3.146500 6.139671e+11
3147 3.147500 6.135010e+11
3148 3.148500 6.130352e+11
3149 3.149500 6.125697e+11
3150 3.150500 6.121044e+11
3151 3.151500 6.116393e+11
3152 3.152500 6.111745e+11
3153 3.153500 6.107099e+11
3154 3.154500 6.102456e+11
3155 3.155500 6.097815e+11
3156 3.156500 6.093177e+11
3157 3.157500 6.088541e+11
3158 3.158500 6.083907e+11
3159 3.159500 6.079276e+11
3160 3.160500 6.074647e+11
3161 3.161500 6.070021e+11
3162 3.162500 6.065397e+11
3163 3.163500 6.060775e+11
3164 3.164500 6.056156e+11
3165 3.165500 6.051539e+11
3166 3.166500 6.046925e+11
3167 3.167500 6.042313e+11
3168 3.168500 6.037704e+11
3169 3.169500 6.033097e+11
3170 3.170500 6.028492e+11
3171 3.171500 6.023890e+11
3172 3.172500 6.019290e+11
3173 3.173500 6.014693e+11
3174 3.174500 6.010098e+11
3175 3.175500 6.005505e+11
3176 3.176500 6.000915e+11
3177 3.177500 5.996328e+11
3178 3.178500 5.991742e+11
3179 3.179500 5.987160e+11
3180 3.180500 5.982579e+11
3181 3.181500 5.978001e+11
3182 3.182500 5.973425e+11
3183 3.183500 5.968852e+11
3184 3.184500 5.964282e+11
3185 3.185500 5.959713e+11
3186 3.186500 5.955147e+11
3187 3.187500 5.950584e+11
3188 3.188500 5.946023e+11
3189 3.189500 5.941464e+11
3190 3.190500 5.936908e+11
3191 3.191500 5.932354e+11
3192 3.192500 5.927803e+11
3193 3.193500 5.923254e+11
3194 3.194500 5.918707e+11
3195 3.195500 5.914163e+11
3196 3.196500 5.909621e+11
3197 3.197500 5.905082e+11
3198 3.198500 5.900545e+11
3199 3.199500 5.896010e+11
3200 3.200500 5.891478e+11
3201 3.201500 5.886948e+11
3202 3.202500 5.882421e+11
3203 3.203500 5.877896e+11
3204 3.204500 5.873374e+11
3205 3.205500 5.868854e+11
3206 3.206500 5.864336e+11
3207 3.207500 5.859821e+11
3208 3.208500 5.855308e+11
3209 3.209500 5.850798e+11
3210 3.210500 5.846290e+11
3211 3.211500 5.841784e+11
3212 3.212500 5.837281e+11
3213 3.213500 5.832780e+11
3214 3.214500 5.828282e+11
3215 3.215500 5.823786e+11
3216 3.216500 5.819292e+11
3217 3.217500 5.814801e+11
3218 3.218500 5.810313e+11
3219 3.219500 5.805826e+11
3220 3.220500 5.801342e+11
3221 3.221500 5.796861e+11
3222 3.222500 5.792382e+11
3223 3.223500 5.787905e+11
3224 3.224500 5.783431e+11
3225 3.225500 5.778959e+11
3226 3.226500 5.774490e+11
3227 3.227500 5.770023e+11
3228 3.228500 5.765558e+11
3229 3.229500 5.761096e+11
3230 3.230500 5.756636e+11
3231 3.231500 5.752179e+11
3232 3.232500 5.747724e+11
3233 3.233500 5.743271e+11
3234 3.234500 5.738821e+11
3235 3.235500 5.734373e+11
3236 3.236500 5.729928e+11
3237 3.237500 5.725485e+11
3238 3.238500 5.721044e+11
3239 3.239500 5.716606e+11
3240 3.240500 5.712170e+11
3241 3.241500 5.707737e+11
3242 3.242500 5.703306e+11
3243 3.243500 5.698878e+11
3244 3.244500 5.694451e+11
3245 3.245500 5.690028e+11
3246 3.246500 5.685606e+11
3247 3.247500 5.681187e+11
3248 3.248500 5.676771e+11
3249 3.249500 5.672357e+11
3250 3.250500 5.667945e+11
3251 3.251500 5.663536e+11
3252 3.252500 5.659129e+11
3253 3.253500 5.654724e+11
3254 3.254500 5.650322e+11
3255 3.255500 5.645923e+11
3256 3.256500 5.641525e+11
3257 3.257500 5.637130e+11
3258 3.258500 5.632738e+11
3259 3.259500 5.628348e+11
3260 3.260500 5.623960e+11
3261 3.261500 5.619575e+11
3262 3.262500 5.615192e+11
3263 3.263500 5.610811e+11
3264 3.264500 5.606433e+11
3265 3.265500 5.602058e+11
3266 3.266500 5.597684e+11
3267 3.267500 5.593313e+11
3268 3.268500 5.588945e+11
3269 3.269500 5.584579e+11
3270 3.270500 5.580215e+11
3271 3.271500 5.575854e+11
3272 3.272500 5.571495e+11
3273 3.273500 5.567138e+11
3274 3.274500 5.562784e+11
3275 3.275500 5.558433e+11
3276 3.276500 5.554083e+11
3277 3.277500 5.549736e+11
3278 3.278500 5.545392e+11
3279 3.279500 5.541050e+11
3280 3.280500 5.536710e+11
3281 3.281500 5.532372e+11
3282 3.282500 5.528037e+11
3283 3.283500 5.523705e+11
3284 3.284500 5.519375e+11
3285 3.285500 5.515047e+11
3286 3.286500 5.510721e+11
3287 3.287500 5.506398e+11
3288 3.288500 5.502078e+11
3289 3.289500 5.497760e+11
3290 3.290500 5.493444e+11
3291 3.291500 5.489130e+11
3292 3.292500 5.484819e+11
3293 3.293500 5.480511e+11
3294 3.294500 5.476204e+11
3295 3.295500 5.471900e+11
3296 3.296500 5.467599e+11
3297 3.297500 5.463300e+11
3298 3.298500 5.459003e+11
3299 3.299500 5.454709e+11
3300 3.300500 5.450417e+11
3301 3.301500 5.446127e+11
3302 3.302500 5.441840e+11
3303 3.303500 5.437555e+11
3304 3.304500 5.433273e+11
3305 3.305500 5.428993e+11
3306 3.306500 5.424715e+11
3307 3.307500 5.420440e+11
3308 3.308500 5.416167e+11
3309 3.309500 5.411897e+11
3310 3.310500 5.407629e+11
3311 3.311500 5.403363e+11
3312 3.312500 5.399100e+11
3313 3.313500 5.394839e+11
3314 3.314500 5.390580e+11
3315 3.315500 5.386324e+11
3316 3.316500 5.382070e+11
3317 3.317500 5.377819e+11
3318 3.318500 5.373570e+11
3319 3.319500 5.369323e+11
3320 3.320500 5.365079e+11
3321 3.321500 5.360837e+11
3322 3.322500 5.356598e+11
3323 3.323500 5.352361e+11
3324 3.324500 5.348126e+11
3325 3.325500 5.343894e+11
3326 3.326500 5.339664e+11
3327 3.327500 5.335436e+11
3328 3.328500 5.331211e+11
3329 3.329500 5.326988e+11
3330 3.330500 5.322768e+11
3331 3.331500 5.318550e+11
3332 3.332500 5.314334e+11
3333 3.333500 5.310121e+11
3334 3.334500 5.305910e+11
3335 3.335500 5.301701e+11
3336 3.336500 5.297495e+11
3337 3.337500 5.293291e+11
3338 3.338500 5.289090e+11
3339 3.339500 5.284891e+11
3340 3.340500 5.280694e+11
3341 3.341500 5.276500e+11
3342 3.342500 5.272308e+11
3343 3.343500 5.268118e+11
3344 3.344500 5.263931e+11
3345 3.345500 5.259746e+11
3346 3.346500 5.255564e+11
3347 3.347500 5.251384e+11
3348 3.348500 5.247206e+11
3349 3.349500 5.243031e+11
3350 3.350500 5.238858e+11
3351 3.351500 5.234687e+11
3352 3.352500 5.230519e+11
3353 3.353500 5.226353e+11
3354 3.354500 5.222190e+11
3355 3.355500 5.218028e+11
3356 3.356500 5.213870e+11
3357 3.357500 5.209713e+11
3358 3.358500 5.205559e+11
3359 3.359500 5.201408e+11
3360 3.360500 5.197258e+11
3361 3.361500 5.193112e+11
3362 3.362500 5.188967e+11
3363 3.363500 5.184825e+11
3364 3.364500 5.180685e+11
3365 3.365500 5.176548e+11
3366 3.366500 5.172413e+11
3367 3.367500 5.168280e+11
3368 3.368500 5.164150e+11
3369 3.369500 5.160022e+11
3370 3.370500 5.155896e+11
3371 3.371500 5.151773e+11
3372 3.372500 5.147652e+11
3373 3.373500 5.143533e+11
3374 3.374500 5.139417e+11
3375 3.375500 5.135303e+11
3376 3.376500 5.131192e+11
3377 3.377500 5.127083e+11
3378 3.378500 5.122976e+11
3379 3.379500 5.118872e+11
3380 3.380500 5.114770e+11
3381 3.381500 5.110670e+11
3382 3.382500 5.106573e+11
3383 3.383500 5.102478e+11
3384 3.384500 5.098386e+11
3385 3.385500 5.094295e+11
3386 3.386500 5.090208e+11
3387 3.387500 5.086122e+11
3388 3.388500 5.082039e+11
3389 3.389500 5.077958e+11
3390 3.390500 5.073880e+11
3391 3.391500 5.069804e+11
3392 3.392500 5.065730e+11
3393 3.393500 5.061659e+11
3394 3.394500 5.057590e+11
3395 3.395500 5.053523e+11
3396 3.396500 5.049459e+11
3397 3.397500 5.045397e+11
3398 3.398500 5.041337e+11
3399 3.399500 5.037280e+11
3400 3.400500 5.033225e+11
3401 3.401500 5.029173e+11
3402 3.402500 5.025123e+11
3403 3.403500 5.021075e+11
3404 3.404500 5.017029e+11
3405 3.405500 5.012986e+11
3406 3.406500 5.008945e+11
3407 3.407500 5.004907e+11
3408 3.408500 5.000871e+11
3409 3.409500 4.996837e+11
3410 3.410500 4.992806e+11
3411 3.411500 4.988777e+11
3412 3.412500 4.984750e+11
3413 3.413500 4.980726e+11
3414 3.414500 4.976704e+11
3415 3.415500 4.972684e+11
3416 3.416500 4.968667e+11
3417 3.417500 4.964652e+11
3418 3.418500 4.960639e+11
3419 3.419500 4.956629e+11
3420 3.420500 4.952621e+11
3421 3.421500 4.948616e+11
3422 3.422500 4.944612e+11
3423 3.423500 4.940611e+11
3424 3.424500 4.936613e+11
3425 3.425500 4.932617e+11
3426 3.426500 4.928623e+11
3427 3.427500 4.924631e+11
3428 3.428500 4.920642e+11
3429 3.429500 4.916655e+11
3430 3.430500 4.912671e+11
3431 3.431500 4.908689e+11
3432 3.432500 4.904709e+11
3433 3.433500 4.900731e+11
3434 3.434500 4.896756e+11
3435 3.435500 4.892783e+11
3436 3.436500 4.888813e+11
3437 3.437500 4.884845e+11
3438 3.438500 4.880879e+11
3439 3.439500 4.876915e+11
3440 3.440500 4.872954e+11
3441 3.441500 4.868995e+11
3442 3.442500 4.865039e+11
3443 3.443500 4.861085e+11
3444 3.444500 4.857133e+11
3445 3.445500 4.853183e+11
3446 3.446500 4.849236e+11
3447 3.447500 4.845291e+11
3448 3.448500 4.841349e+11
3449 3.449500 4.837409e+11
3450 3.450500 4.833471e+11
3451 3.451500 4.829536e+11
3452 3.452500 4.825602e+11
3453 3.453500 4.821672e+11
3454 3.454500 4.817743e+11
3455 3.455500 4.813817e+11
3456 3.456500 4.809893e+11
3457 3.457500 4.805971e+11
3458 3.458500 4.802052e+11
3459 3.459500 4.798135e+11
3460 3.460500 4.794221e+11
3461 3.461500 4.790309e+11
3462 3.462500 4.786399e+11
3463 3.463500 4.782491e+11
3464 3.464500 4.778586e+11
3465 3.465500 4.774683e+11
3466 3.466500 4.770782e+11
3467 3.467500 4.766884e+11
3468 3.468500 4.762988e+11
3469 3.469500 4.759095e+11
3470 3.470500 4.755203e+11
3471 3.471500 4.751314e+11
3472 3.472500 4.747428e+11
3473 3.473500 4.743543e+11
3474 3.474500 4.739661e+11
3475 3.475500 4.735781e+11
3476 3.476500 4.731904e+11
3477 3.477500 4.728029e+11
3478 3.478500 4.724156e+11
3479 3.479500 4.720286e+11
3480 3.480500 4.716418e+11
3481 3.481500 4.712552e+11
3482 3.482500 4.708688e+11
3483 3.483500 4.704827e+11
3484 3.484500 4.700968e+11
3485 3.485500 4.697112e+11
3486 3.486500 4.693257e+11
3487 3.487500 4.689405e+11
3488 3.488500 4.685556e+11
3489 3.489500 4.681708e+11
3490 3.490500 4.677863e+11
3491 3.491500 4.674021e+11
3492 3.492500 4.670180e+11
3493 3.493500 4.666342e+11
3494 3.494500 4.662506e+11
3495 3.495500 4.658673e+11
3496 3.496500 4.654842e+11
3497 3.497500 4.651013e+11
3498 3.498500 4.647187e+11
3499 3.499500 4.643362e+11
3500 3.500500 4.639540e+11
3501 3.501500 4.635721e+11
3502 3.502500 4.631903e+11
3503 3.503500 4.628088e+11
3504 3.504500 4.624276e+11
3505 3.505500 4.620465e+11
3506 3.506500 4.616657e+11
3507 3.507500 4.612851e+11
3508 3.508500 4.609048e+11
3509 3.509500 4.605247e+11
3510 3.510500 4.601448e+11
3511 3.511500 4.597651e+11
3512 3.512500 4.593857e+11
3513 3.513500 4.590065e+11
3514 3.514500 4.586275e+11
3515 3.515500 4.582488e+11
3516 3.516500 4.578703e+11
3517 3.517500 4.574920e+11
3518 3.518500 4.571139e+11
3519 3.519500 4.567361e+11
3520 3.520500 4.563585e+11
3521 3.521500 4.559812e+11
3522 3.522500 4.556040e+11
3523 3.523500 4.552271e+11
3524 3.524500 4.548505e+11
3525 3.525500 4.544740e+11
3526 3.526500 4.540978e+11
3527 3.527500 4.537218e+11
3528 3.528500 4.533461e+11
3529 3.529500 4.529705e+11
3530 3.530500 4.525952e+11
3531 3.531500 4.522202e+11
3532 3.532500 4.518453e+11
3533 3.533500 4.514707e+11
3534 3.534500 4.510963e+11
3535 3.535500 4.507222e+11
3536 3.536500 4.503483e+11
3537 3.537500 4.499746e+11
3538 3.538500 4.496011e+11
3539 3.539500 4.492278e+11
3540 3.540500 4.488548e+11
3541 3.541500 4.484821e+11
3542 3.542500 4.481095e+11
3543 3.543500 4.477372e+11
3544 3.544500 4.473651e+11
3545 3.545500 4.469932e+11
3546 3.546500 4.466216e+11
3547 3.547500 4.462502e+11
3548 3.548500 4.458790e+11
3549 3.549500 4.455080e+11
3550 3.550500 4.451373e+11
3551 3.551500 4.447668e+11
3552 3.552500 4.443965e+11
3553 3.553500 4.440265e+11
3554 3.554500 4.436566e+11
3555 3.555500 4.432871e+11
3556 3.556500 4.429177e+11
3557 3.557500 4.425486e+11
3558 3.558500 4.421797e+11
3559 3.559500 4.418110e+11
3560 3.560500 4.414425e+11
3561 3.561500 4.410743e+11
3562 3.562500 4.407063e+11
3563 3.563500 4.403385e+11
3564 3.564500 4.399710e+11
3565 3.565500 4.396037e+11
3566 3.566500 4.392366e+11
3567 3.567500 4.388697e+11
3568 3.568500 4.385031e+11
3569 3.569500 4.381367e+11
3570 3.570500 4.377705e+11
3571 3.571500 4.374045e+11
3572 3.572500 4.370388e+11
3573 3.573500 4.366733e+11
3574 3.574500 4.363080e+11
3575 3.575500 4.359430e+11
3576 3.576500 4.355782e+11
3577 3.577500 4.352136e+11
3578 3.578500 4.348492e+11
3579 3.579500 4.344851e+11
3580 3.580500 4.341212e+11
3581 3.581500 4.337575e+11
3582 3.582500 4.333940e+11
3583 3.583500 4.330308e+11
3584 3.584500 4.326678e+11
3585 3.585500 4.323050e+11
3586 3.586500 4.319424e+11
3587 3.587500 4.315801e+11
3588 3.588500 4.312180e+11
3589 3.589500 4.308561e+11
3590 3.590500 4.304944e+11
3591 3.591500 4.301330e+11
3592 3.592500 4.297718e+11
3593 3.593500 4.294108e+11
3594 3.594500 4.290501e+11
3595 3.595500 4.286895e+11
3596 3.596500 4.283292e+11
3597 3.597500 4.279692e+11
3598 3.598500 4.276093e+11
3599 3.599500 4.272497e+11
3600 3.600500 4.268903e+11
3601 3.601500 4.265311e+11
3602 3.602500 4.261722e+11
3603 3.603500 4.258134e+11
3604 3.604500 4.254549e+11
3605 3.605500 4.250967e+11
3606 3.606500 4.247386e+11
3607 3.607500 4.243808e+11
3608 3.608500 4.240232e+11
3609 3.609500 4.236658e+11
3610 3.610500 4.233086e+11
3611 3.611500 4.229517e+11
3612 3.612500 4.225950e+11
3613 3.613500 4.222385e+11
3614 3.614500 4.218823e+11
3615 3.615500 4.215262e+11
3616 3.616500 4.211704e+11
3617 3.617500 4.208149e+11
3618 3.618500 4.204595e+11
3619 3.619500 4.201044e+11
3620 3.620500 4.197494e+11
3621 3.621500 4.193948e+11
3622 3.622500 4.190403e+11
3623 3.623500 4.186861e+11
3624 3.624500 4.183320e+11
3625 3.625500 4.179782e+11
3626 3.626500 4.176247e+11
3627 3.627500 4.172713e+11
3628 3.628500 4.169182e+11
3629 3.629500 4.165653e+11
3630 3.630500 4.162126e+11
3631 3.631500 4.158602e+11
3632 3.632500 4.155080e+11
3633 3.633500 4.151560e+11
3634 3.634500 4.148042e+11
3635 3.635500 4.144526e+11
3636 3.636500 4.141013e+11
3637 3.637500 4.137502e+11
3638 3.638500 4.133993e+11
3639 3.639500 4.130486e+11
3640 3.640500 4.126982e+11
3641 3.641500 4.123479e+11
3642 3.642500 4.119979e+11
3643 3.643500 4.116482e+11
3644 3.644500 4.112986e+11
3645 3.645500 4.109493e+11
3646 3.646500 4.106002e+11
3647 3.647500 4.102513e+11
3648 3.648500 4.099026e+11
3649 3.649500 4.095542e+11
3650 3.650500 4.092060e+11
3651 3.651500 4.088580e+11
3652 3.652500 4.085102e+11
3653 3.653500 4.081626e+11
3654 3.654500 4.078153e+11
3655 3.655500 4.074682e+11
3656 3.656500 4.071213e+11
3657 3.657500 4.067746e+11
3658 3.658500 4.064282e+11
3659 3.659500 4.060820e+11
3660 3.660500 4.057360e+11
3661 3.661500 4.053902e+11
3662 3.662500 4.050446e+11
3663 3.663500 4.046993e+11
3664 3.664500 4.043542e+11
3665 3.665500 4.040093e+11
3666 3.666500 4.036646e+11
3667 3.667500 4.033201e+11
3668 3.668500 4.029759e+11
3669 3.669500 4.026319e+11
3670 3.670500 4.022881e+11
3671 3.671500 4.019445e+11
3672 3.672500 4.016012e+11
3673 3.673500 4.012581e+11
3674 3.674500 4.009152e+11
3675 3.675500 4.005725e+11
3676 3.676500 4.002300e+11
3677 3.677500 3.998877e+11
3678 3.678500 3.995457e+11
3679 3.679500 3.992039e+11
3680 3.680500 3.988623e+11
3681 3.681500 3.985210e+11
3682 3.682500 3.981798e+11
3683 3.683500 3.978389e+11
3684 3.684500 3.974982e+11
3685 3.685500 3.971577e+11
3686 3.686500 3.968174e+11
3687 3.687500 3.964774e+11
3688 3.688500 3.961376e+11
3689 3.689500 3.957980e+11
3690 3.690500 3.954586e+11
3691 3.691500 3.951194e+11
3692 3.692500 3.947805e+11
3693 3.693500 3.944417e+11
3694 3.694500 3.941032e+11
3695 3.695500 3.937649e+11
3696 3.696500 3.934269e+11
3697 3.697500 3.930890e+11
3698 3.698500 3.927514e+11
3699 3.699500 3.924140e+11
3700 3.700500 3.920768e+11
3701 3.701500 3.917398e+11
3702 3.702500 3.914030e+11
3703 3.703500 3.910665e+11
3704 3.704500 3.907302e+11
3705 3.705500 3.903941e+11
3706 3.706500 3.900582e+11
3707 3.707500 3.897225e+11
3708 3.708500 3.893871e+11
3709 3.709500 3.890519e+11
3710 3.710500 3.887169e+11
3711 3.711500 3.883821e+11
3712 3.712500 3.880475e+11
3713 3.713500 3.877131e+11
3714 3.714500 3.873790e+11
3715 3.715500 3.870451e+11
3716 3.716500 3.867114e+11
3717 3.717500 3.863779e+11
3718 3.718500 3.860446e+11
3719 3.719500 3.857116e+11
3720 3.720500 3.853788e+11
3721 3.721500 3.850462e+11
3722 3.722500 3.847138e+11
3723 3.723500 3.843816e+11
3724 3.724500 3.840496e+11
3725 3.725500 3.837179e+11
3726 3.726500 3.833864e+11
3727 3.727500 3.830550e+11
3728 3.728500 3.827240e+11
3729 3.729500 3.823931e+11
3730 3.730500 3.820624e+11
3731 3.731500 3.817320e+11
3732 3.732500 3.814018e+11
3733 3.733500 3.810718e+11
3734 3.734500 3.807420e+11
3735 3.735500 3.804124e+11
3736 3.736500 3.800830e+11
3737 3.737500 3.797539e+11
3738 3.738500 3.794250e+11
3739 3.739500 3.790963e+11
3740 3.740500 3.787678e+11
3741 3.741500 3.784395e+11
3742 3.742500 3.781114e+11
3743 3.743500 3.777836e+11
3744 3.744500 3.774560e+11
3745 3.745500 3.771286e+11
3746 3.746500 3.768014e+11
3747 3.747500 3.764744e+11
3748 3.748500 3.761476e+11
3749 3.749500 3.758211e+11
3750 3.750500 3.754947e+11
3751 3.751500 3.751686e+11
3752 3.752500 3.748427e+11
3753 3.753500 3.745170e+11
3754 3.754500 3.741916e+11
3755 3.755500 3.738663e+11
3756 3.756500 3.735413e+11
3757 3.757500 3.732165e+11
3758 3.758500 3.728918e+11
3759 3.759500 3.725675e+11
3760 3.760500 3.722433e+11
3761 3.761500 3.719193e+11
3762 3.762500 3.715956e+11
3763 3.763500 3.712720e+11
3764 3.764500 3.709487e+11
3765 3.765500 3.706256e+11
3766 3.766500 3.703027e+11
3767 3.767500 3.699800e+11
3768 3.768500 3.696576e+11
3769 3.769500 3.693353e+11
3770 3.770500 3.690133e+11
3771 3.771500 3.686915e+11
3772 3.772500 3.683699e+11
3773 3.773500 3.680485e+11
3774 3.774500 3.677273e+11
3775 3.775500 3.674063e+11
3776 3.776500 3.670856e+11
3777 3.777500 3.667650e+11
3778 3.778500 3.664447e+11
3779 3.779500 3.661246e+11
3780 3.780500 3.658047e+11
3781 3.781500 3.654850e+11
3782 3.782500 3.651656e+11
3783 3.783500 3.648463e+11
3784 3.784500 3.645273e+11
3785 3.785500 3.642084e+11
3786 3.786500 3.638898e+11
3787 3.787500 3.635714e+11
3788 3.788500 3.632532e+11
3789 3.789500 3.629352e+11
3790 3.790500 3.626175e+11
3791 3.791500 3.622999e+11
3792 3.792500 3.619826e+11
3793 3.793500 3.616655e+11
3794 3.794500 3.613485e+11
3795 3.795500 3.610318e+11
3796 3.796500 3.607153e+11
3797 3.797500 3.603991e+11
3798 3.798500 3.600830e+11
3799 3.799500 3.597672e+11
3800 3.800500 3.594515e+11
3801 3.801500 3.591361e+11
3802 3.802500 3.588209e+11
3803 3.803500 3.585059e+11
3804 3.804500 3.581911e+11
3805 3.805500 3.578765e+11
3806 3.806500 3.575621e+11
3807 3.807500 3.572480e+11
3808 3.808500 3.569340e+11
3809 3.809500 3.566203e+11
3810 3.810500 3.563068e+11
3811 3.811500 3.559934e+11
3812 3.812500 3.556803e+11
3813 3.813500 3.553675e+11
3814 3.814500 3.550548e+11
3815 3.815500 3.547423e+11
3816 3.816500 3.544301e+11
3817 3.817500 3.541180e+11
3818 3.818500 3.538062e+11
3819 3.819500 3.534945e+11
3820 3.820500 3.531831e+11
3821 3.821500 3.528719e+11
3822 3.822500 3.525609e+11
3823 3.823500 3.522502e+11
3824 3.824500 3.519396e+11
3825 3.825500 3.516292e+11
3826 3.826500 3.513191e+11
3827 3.827500 3.510091e+11
3828 3.828500 3.506994e+11
3829 3.829500 3.503899e+11
3830 3.830500 3.500806e+11
3831 3.831500 3.497715e+11
3832 3.832500 3.494626e+11
3833 3.833500 3.491539e+11
3834 3.834500 3.488454e+11
3835 3.835500 3.485372e+11
3836 3.836500 3.482291e+11
3837 3.837500 3.479213e+11
3838 3.838500 3.476136e+11
3839 3.839500 3.473062e+11
3840 3.840500 3.469990e+11
3841 3.841500 3.466920e+11
3842 3.842500 3.463852e+11
3843 3.843500 3.460786e+11
3844 3.844500 3.457722e+11
3845 3.845500 3.454660e+11
3846 3.846500 3.451601e+11
3847 3.847500 3.448543e+11
3848 3.848500 3.445488e+11
3849 3.849500 3.442434e+11
3850 3.850500 3.439383e+11
3851 3.851500 3.436334e+11
3852 3.852500 3.433287e+11
3853 3.853500 3.430242e+11
3854 3.854500 3.427199e+11
3855 3.855500 3.424158e+11
3856 3.856500 3.421119e+11
3857 3.857500 3.418083e+11
3858 3.858500 3.415048e+11
3859 3.859500 3.412015e+11
3860 3.860500 3.408985e+11
3861 3.861500 3.405957e+11
3862 3.862500 3.402930e+11
3863 3.863500 3.399906e+11
3864 3.864500 3.396884e+11
3865 3.865500 3.393864e+11
3866 3.866500 3.390846e+11
3867 3.867500 3.387830e+11
3868 3.868500 3.384816e+11
3869 3.869500 3.381804e+11
3870 3.870500 3.378794e+11
3871 3.871500 3.375787e+11
3872 3.872500 3.372781e+11
3873 3.873500 3.369778e+11
3874 3.874500 3.366776e+11
3875 3.875500 3.363777e+11
3876 3.876500 3.360779e+11
3877 3.877500 3.357784e+11
3878 3.878500 3.354791e+11
3879 3.879500 3.351800e+11
3880 3.880500 3.348811e+11
3881 3.881500 3.345824e+11
3882 3.882500 3.342839e+11
3883 3.883500 3.339856e+11
3884 3.884500 3.336875e+11
3885 3.885500 3.333896e+11
3886 3.886500 3.330919e+11
3887 3.887500 3.327945e+11
3888 3.888500 3.324972e+11
3889 3.889500 3.322002e+11
3890 3.890500 3.319033e+11
3891 3.891500 3.316067e+11
3892 3.892500 3.313102e+11
3893 3.893500 3.310140e+11
3894 3.894500 3.307180e+11
3895 3.895500 3.304221e+11
3896 3.896500 3.301265e+11
3897 3.897500 3.298311e+11
3898 3.898500 3.295359e+11
3899 3.899500 3.292409e+11
3900 3.900500 3.289461e+11
3901 3.901500 3.286515e+11
3902 3.902500 3.283571e+11
3903 3.903500 3.280629e+11
3904 3.904500 3.277689e+11
3905 3.905500 3.274752e+11
3906 3.906500 3.271816e+11
3907 3.907500 3.268882e+11
3908 3.908500 3.265951e+11
3909 3.909500 3.263021e+11
3910 3.910500 3.260093e+11
3911 3.911500 3.257168e+11
3912 3.912500 3.254244e+11
3913 3.913500 3.251323e+11
3914 3.914500 3.248403e+11
3915 3.915500 3.245486e+11
3916 3.916500 3.242571e+11
3917 3.917500 3.239657e+11
3918 3.918500 3.236746e+11
3919 3.919500 3.233837e+11
3920 3.920500 3.230930e+11
3921 3.921500 3.228025e+11
3922 3.922500 3.225121e+11
3923 3.923500 3.222220e+11
3924 3.924500 3.219321e+11
3925 3.925500 3.216424e+11
3926 3.926500 3.213529e+11
3927 3.927500 3.210636e+11
3928 3.928500 3.207745e+11
3929 3.929500 3.204856e+11
3930 3.930500 3.201969e+11
3931 3.931500 3.199084e+11
3932 3.932500 3.196201e+11
3933 3.933500 3.193320e+11
3934 3.934500 3.190442e+11
3935 3.935500 3.187565e+11
3936 3.936500 3.184690e+11
3937 3.937500 3.181817e+11
3938 3.938500 3.178946e+11
3939 3.939500 3.176078e+11
3940 3.940500 3.173211e+11
3941 3.941500 3.170346e+11
3942 3.942500 3.167484e+11
3943 3.943500 3.164623e+11
3944 3.944500 3.161764e+11
3945 3.945500 3.158907e+11
3946 3.946500 3.156053e+11
3947 3.947500 3.153200e+11
3948 3.948500 3.150350e+11
3949 3.949500 3.147501e+11
3950 3.950500 3.144654e+11
3951 3.951500 3.141810e+11
3952 3.952500 3.138967e+11
3953 3.953500 3.136126e+11
3954 3.954500 3.133288e+11
3955 3.955500 3.130451e+11
3956 3.956500 3.127617e+11
3957 3.957500 3.124784e+11
3958 3.958500 3.121954e+11
3959 3.959500 3.119125e+11
3960 3.960500 3.116298e+11
3961 3.961500 3.113474e+11
3962 3.962500 3.110651e+11
3963 3.963500 3.107831e+11
3964 3.964500 3.105012e+11
3965 3.965500 3.102195e+11
3966 3.966500 3.099381e+11
3967 3.967500 3.096568e+11
3968 3.968500 3.093758e+11
3969 3.969500 3.090949e+11
3970 3.970500 3.088142e+11
3971 3.971500 3.085338e+11
3972 3.972500 3.082535e+11
3973 3.973500 3.079735e+11
3974 3.974500 3.076936e+11
3975 3.975500 3.074139e+11
3976 3.976500 3.071345e+11
3977 3.977500 3.068552e+11
3978 3.978500 3.065761e+11
3979 3.979500 3.062973e+11
3980 3.980500 3.060186e+11
3981 3.981500 3.057401e+11
3982 3.982500 3.054618e+11
3983 3.983500 3.051837e+11
3984 3.984500 3.049059e+11
3985 3.985500 3.046282e+11
3986 3.986500 3.043507e+11
3987 3.987500 3.040734e+11
3988 3.988500 3.037963e+11
3989 3.989500 3.035194e+11
3990 3.990500 3.032427e+11
3991 3.991500 3.029663e+11
3992 3.992500 3.026900e+11
3993 3.993500 3.024139e+11
3994 3.994500 3.021380e+11
3995 3.995500 3.018622e+11
3996 3.996500 3.015867e+11
3997 3.997500 3.013114e+11
3998 3.998500 3.010363e+11
3999 3.999500 3.007614e+11
4000 4.000500 3.004867e+11
4001 4.001500 3.002122e+11
4002 4.002500 2.999378e+11
4003 4.003500 2.996637e+11
4004 4.004500 2.993898e+11
4005 4.005500 2.991160e+11
4006 4.006500 2.988425e+11
4007 4.007500 2.985691e+11
4008 4.008500 2.982960e+11
4009 4.009500 2.980230e+11
4010 4.010500 2.977503e+11
4011 4.011500 2.974777e+11
4012 4.012500 2.972054e+11
4013 4.013500 2.969332e+11
4014 4.014500 2.966612e+11
4015 4.015500 2.963894e+11
4016 4.016500 2.961179e+11
4017 4.017500 2.958465e+11
4018 4.018500 2.955753e+11
4019 4.019500 2.953043e+11
4020 4.020500 2.950335e+11
4021 4.021500 2.947629e+11
4022 4.022500 2.944925e+11
4023 4.023500 2.942223e+11
4024 4.024500 2.939523e+11
4025 4.025500 2.936824e+11
4026 4.026500 2.934128e+11
4027 4.027500 2.931434e+11
4028 4.028500 2.928741e+11
4029 4.029500 2.926051e+11
4030 4.030500 2.923362e+11
4031 4.031500 2.920676e+11
4032 4.032500 2.917991e+11
4033 4.033500 2.915308e+11
4034 4.034500 2.912628e+11
4035 4.035500 2.909949e+11
4036 4.036500 2.907272e+11
4037 4.037500 2.904597e+11
4038 4.038500 2.901924e+11
4039 4.039500 2.899253e+11
4040 4.040500 2.896584e+11
4041 4.041500 2.893917e+11
4042 4.042500 2.891252e+11
4043 4.043500 2.888588e+11
4044 4.044500 2.885927e+11
4045 4.045500 2.883267e+11
4046 4.046500 2.880610e+11
4047 4.047500 2.877954e+11
4048 4.048500 2.875301e+11
4049 4.049500 2.872649e+11
4050 4.050500 2.869999e+11
4051 4.051500 2.867351e+11
4052 4.052500 2.864705e+11
4053 4.053500 2.862061e+11
4054 4.054500 2.859419e+11
4055 4.055500 2.856779e+11
4056 4.056500 2.854141e+11
4057 4.057500 2.851505e+11
4058 4.058500 2.848870e+11
4059 4.059500 2.846238e+11
4060 4.060500 2.843607e+11
4061 4.061500 2.840979e+11
4062 4.062500 2.838352e+11
4063 4.063500 2.835727e+11
4064 4.064500 2.833104e+11
4065 4.065500 2.830483e+11
4066 4.066500 2.827864e+11
4067 4.067500 2.825247e+11
4068 4.068500 2.822632e+11
4069 4.069500 2.820019e+11
4070 4.070500 2.817407e+11
4071 4.071500 2.814798e+11
4072 4.072500 2.812190e+11
4073 4.073500 2.809585e+11
4074 4.074500 2.806981e+11
4075 4.075500 2.804379e+11
4076 4.076500 2.801779e+11
4077 4.077500 2.799181e+11
4078 4.078500 2.796585e+11
4079 4.079500 2.793991e+11
4080 4.080500 2.791398e+11
4081 4.081500 2.788808e+11
4082 4.082500 2.786219e+11
4083 4.083500 2.783633e+11
4084 4.084500 2.781048e+11
4085 4.085500 2.778465e+11
4086 4.086500 2.775884e+11
4087 4.087500 2.773305e+11
4088 4.088500 2.770728e+11
4089 4.089500 2.768153e+11
4090 4.090500 2.765580e+11
4091 4.091500 2.763008e+11
4092 4.092500 2.760439e+11
4093 4.093500 2.757871e+11
4094 4.094500 2.755305e+11
4095 4.095500 2.752741e+11
4096 4.096500 2.750179e+11
4097 4.097500 2.747619e+11
4098 4.098500 2.745061e+11
4099 4.099500 2.742505e+11
4100 4.100500 2.739950e+11
4101 4.101500 2.737398e+11
4102 4.102500 2.734847e+11
4103 4.103500 2.732298e+11
4104 4.104500 2.729752e+11
4105 4.105500 2.727207e+11
4106 4.106500 2.724663e+11
4107 4.107500 2.722122e+11
4108 4.108500 2.719583e+11
4109 4.109500 2.717045e+11
4110 4.110500 2.714510e+11
4111 4.111500 2.711976e+11
4112 4.112500 2.709444e+11
4113 4.113500 2.706914e+11
4114 4.114500 2.704386e+11
4115 4.115500 2.701860e+11
4116 4.116500 2.699336e+11
4117 4.117500 2.696813e+11
4118 4.118500 2.694293e+11
4119 4.119500 2.691774e+11
4120 4.120500 2.689257e+11
4121 4.121500 2.686742e+11
4122 4.122500 2.684229e+11
4123 4.123500 2.681718e+11
4124 4.124500 2.679208e+11
4125 4.125500 2.676701e+11
4126 4.126500 2.674195e+11
4127 4.127500 2.671691e+11
4128 4.128500 2.669190e+11
4129 4.129500 2.666689e+11
4130 4.130500 2.664191e+11
4131 4.131500 2.661695e+11
4132 4.132500 2.659200e+11
4133 4.133500 2.656708e+11
4134 4.134500 2.654217e+11
4135 4.135500 2.651728e+11
4136 4.136500 2.649241e+11
4137 4.137500 2.646756e+11
4138 4.138500 2.644273e+11
4139 4.139500 2.641791e+11
4140 4.140500 2.639312e+11
4141 4.141500 2.636834e+11
4142 4.142500 2.634358e+11
4143 4.143500 2.631884e+11
4144 4.144500 2.629412e+11
4145 4.145500 2.626941e+11
4146 4.146500 2.624473e+11
4147 4.147500 2.622006e+11
4148 4.148500 2.619541e+11
4149 4.149500 2.617078e+11
4150 4.150500 2.614617e+11
4151 4.151500 2.612158e+11
4152 4.152500 2.609700e+11
4153 4.153500 2.607245e+11
4154 4.154500 2.604791e+11
4155 4.155500 2.602339e+11
4156 4.156500 2.599889e+11
4157 4.157500 2.597441e+11
4158 4.158500 2.594994e+11
4159 4.159500 2.592550e+11
4160 4.160500 2.590107e+11
4161 4.161500 2.587666e+11
4162 4.162500 2.585227e+11
4163 4.163500 2.582790e+11
4164 4.164500 2.580355e+11
4165 4.165500 2.577921e+11
4166 4.166500 2.575489e+11
4167 4.167500 2.573059e+11
4168 4.168500 2.570631e+11
4169 4.169500 2.568205e+11
4170 4.170500 2.565781e+11
4171 4.171500 2.563358e+11
4172 4.172500 2.560937e+11
4173 4.173500 2.558519e+11
4174 4.174500 2.556101e+11
4175 4.175500 2.553686e+11
4176 4.176500 2.551273e+11
4177 4.177500 2.548861e+11
4178 4.178500 2.546451e+11
4179 4.179500 2.544043e+11
4180 4.180500 2.541637e+11
4181 4.181500 2.539233e+11
4182 4.182500 2.536830e+11
4183 4.183500 2.534430e+11
4184 4.184500 2.532031e+11
4185 4.185500 2.529634e+11
4186 4.186500 2.527238e+11
4187 4.187500 2.524845e+11
4188 4.188500 2.522453e+11
4189 4.189500 2.520063e+11
4190 4.190500 2.517675e+11
4191 4.191500 2.515289e+11
4192 4.192500 2.512905e+11
4193 4.193500 2.510522e+11
4194 4.194500 2.508141e+11
4195 4.195500 2.505762e+11
4196 4.196500 2.503385e+11
4197 4.197500 2.501010e+11
4198 4.198500 2.498636e+11
4199 4.199500 2.496265e+11
4200 4.200500 2.493895e+11
4201 4.201500 2.491526e+11
4202 4.202500 2.489160e+11
4203 4.203500 2.486796e+11
4204 4.204500 2.484433e+11
4205 4.205500 2.482072e+11
4206 4.206500 2.479713e+11
4207 4.207500 2.477355e+11
4208 4.208500 2.475000e+11
4209 4.209500 2.472646e+11
4210 4.210500 2.470294e+11
4211 4.211500 2.467944e+11
4212 4.212500 2.465596e+11
4213 4.213500 2.463249e+11
4214 4.214500 2.460904e+11
4215 4.215500 2.458561e+11
4216 4.216500 2.456220e+11
4217 4.217500 2.453880e+11
4218 4.218500 2.451543e+11
4219 4.219500 2.449207e+11
4220 4.220500 2.446873e+11
4221 4.221500 2.444541e+11
4222 4.222500 2.442210e+11
4223 4.223500 2.439881e+11
4224 4.224500 2.437554e+11
4225 4.225500 2.435229e+11
4226 4.226500 2.432906e+11
4227 4.227500 2.430584e+11
4228 4.228500 2.428264e+11
4229 4.229500 2.425946e+11
4230 4.230500 2.423630e+11
4231 4.231500 2.421316e+11
4232 4.232500 2.419003e+11
4233 4.233500 2.416692e+11
4234 4.234500 2.414383e+11
4235 4.235500 2.412075e+11
4236 4.236500 2.409770e+11
4237 4.237500 2.407466e+11
4238 4.238500 2.405164e+11
4239 4.239500 2.402864e+11
4240 4.240500 2.400565e+11
4241 4.241500 2.398268e+11
4242 4.242500 2.395973e+11
4243 4.243500 2.393680e+11
4244 4.244500 2.391389e+11
4245 4.245500 2.389099e+11
4246 4.246500 2.386811e+11
4247 4.247500 2.384525e+11
4248 4.248500 2.382240e+11
4249 4.249500 2.379958e+11
4250 4.250500 2.377677e+11
4251 4.251500 2.375398e+11
4252 4.252500 2.373120e+11
4253 4.253500 2.370845e+11
4254 4.254500 2.368571e+11
4255 4.255500 2.366299e+11
4256 4.256500 2.364028e+11
4257 4.257500 2.361760e+11
4258 4.258500 2.359493e+11
4259 4.259500 2.357228e+11
4260 4.260500 2.354964e+11
4261 4.261500 2.352703e+11
4262 4.262500 2.350443e+11
4263 4.263500 2.348185e+11
4264 4.264500 2.345928e+11
4265 4.265500 2.343674e+11
4266 4.266500 2.341421e+11
4267 4.267500 2.339170e+11
4268 4.268500 2.336920e+11
4269 4.269500 2.334673e+11
4270 4.270500 2.332427e+11
4271 4.271500 2.330183e+11
4272 4.272500 2.327940e+11
4273 4.273500 2.325700e+11
4274 4.274500 2.323461e+11
4275 4.275500 2.321224e+11
4276 4.276500 2.318988e+11
4277 4.277500 2.316754e+11
4278 4.278500 2.314522e+11
4279 4.279500 2.312292e+11
4280 4.280500 2.310064e+11
4281 4.281500 2.307837e+11
4282 4.282500 2.305612e+11
4283 4.283500 2.303389e+11
4284 4.284500 2.301167e+11
4285 4.285500 2.298947e+11
4286 4.286500 2.296729e+11
4287 4.287500 2.294513e+11
4288 4.288500 2.292298e+11
4289 4.289500 2.290085e+11
4290 4.290500 2.287874e+11
4291 4.291500 2.285664e+11
4292 4.292500 2.283456e+11
4293 4.293500 2.281250e+11
4294 4.294500 2.279046e+11
4295 4.295500 2.276843e+11
4296 4.296500 2.274643e+11
4297 4.297500 2.272443e+11
4298 4.298500 2.270246e+11
4299 4.299500 2.268050e+11
4300 4.300500 2.265856e+11
4301 4.301500 2.263664e+11
4302 4.302500 2.261473e+11
4303 4.303500 2.259284e+11
4304 4.304500 2.257097e+11
4305 4.305500 2.254912e+11
4306 4.306500 2.252728e+11
4307 4.307500 2.250546e+11
4308 4.308500 2.248366e+11
4309 4.309500 2.246187e+11
4310 4.310500 2.244010e+11
4311 4.311500 2.241835e+11
4312 4.312500 2.239662e+11
4313 4.313500 2.237490e+11
4314 4.314500 2.235320e+11
4315 4.315500 2.233151e+11
4316 4.316500 2.230985e+11
4317 4.317500 2.228820e+11
4318 4.318500 2.226657e+11
4319 4.319500 2.224495e+11
4320 4.320500 2.222335e+11
4321 4.321500 2.220177e+11
4322 4.322500 2.218021e+11
4323 4.323500 2.215866e+11
4324 4.324500 2.213713e+11
4325 4.325500 2.211561e+11
4326 4.326500 2.209412e+11
4327 4.327500 2.207264e+11
4328 4.328500 2.205117e+11
4329 4.329500 2.202973e+11
4330 4.330500 2.200830e+11
4331 4.331500 2.198689e+11
4332 4.332500 2.196549e+11
4333 4.333500 2.194411e+11
4334 4.334500 2.192275e+11
4335 4.335500 2.190141e+11
4336 4.336500 2.188008e+11
4337 4.337500 2.185877e+11
4338 4.338500 2.183747e+11
4339 4.339500 2.181619e+11
4340 4.340500 2.179493e+11
4341 4.341500 2.177369e+11
4342 4.342500 2.175246e+11
4343 4.343500 2.173125e+11
4344 4.344500 2.171006e+11
4345 4.345500 2.168888e+11
4346 4.346500 2.166772e+11
4347 4.347500 2.164658e+11
4348 4.348500 2.162545e+11
4349 4.349500 2.160434e+11
4350 4.350500 2.158325e+11
4351 4.351500 2.156217e+11
4352 4.352500 2.154112e+11
4353 4.353500 2.152007e+11
4354 4.354500 2.149905e+11
4355 4.355500 2.147804e+11
4356 4.356500 2.145704e+11
4357 4.357500 2.143607e+11
4358 4.358500 2.141511e+11
4359 4.359500 2.139417e+11
4360 4.360500 2.137324e+11
4361 4.361500 2.135233e+11
4362 4.362500 2.133144e+11
4363 4.363500 2.131056e+11
4364 4.364500 2.128970e+11
4365 4.365500 2.126886e+11
4366 4.366500 2.124803e+11
4367 4.367500 2.122722e+11
4368 4.368500 2.120643e+11
4369 4.369500 2.118565e+11
4370 4.370500 2.116489e+11
4371 4.371500 2.114415e+11
4372 4.372500 2.112342e+11
4373 4.373500 2.110271e+11
4374 4.374500 2.108202e+11
4375 4.375500 2.106134e+11
4376 4.376500 2.104068e+11
4377 4.377500 2.102004e+11
4378 4.378500 2.099941e+11
4379 4.379500 2.097880e+11
4380 4.380500 2.095820e+11
4381 4.381500 2.093762e+11
4382 4.382500 2.091706e+11
4383 4.383500 2.089651e+11
4384 4.384500 2.087599e+11
4385 4.385500 2.085547e+11
4386 4.386500 2.083498e+11
4387 4.387500 2.081450e+11
4388 4.388500 2.079403e+11
4389 4.389500 2.077359e+11
4390 4.390500 2.075315e+11
4391 4.391500 2.073274e+11
4392 4.392500 2.071234e+11
4393 4.393500 2.069196e+11
4394 4.394500 2.067159e+11
4395 4.395500 2.065125e+11
4396 4.396500 2.063091e+11
4397 4.397500 2.061060e+11
4398 4.398500 2.059030e+11
4399 4.399500 2.057001e+11
4400 4.400500 2.054975e+11
4401 4.401500 2.052949e+11
4402 4.402500 2.050926e+11
4403 4.403500 2.048904e+11
4404 4.404500 2.046884e+11
4405 4.405500 2.044865e+11
4406 4.406500 2.042848e+11
4407 4.407500 2.040833e+11
4408 4.408500 2.038819e+11
4409 4.409500 2.036807e+11
4410 4.410500 2.034797e+11
4411 4.411500 2.032788e+11
4412 4.412500 2.030780e+11
4413 4.413500 2.028775e+11
4414 4.414500 2.026771e+11
4415 4.415500 2.024768e+11
4416 4.416500 2.022767e+11
4417 4.417500 2.020768e+11
4418 4.418500 2.018771e+11
4419 4.419500 2.016775e+11
4420 4.420500 2.014780e+11
4421 4.421500 2.012788e+11
4422 4.422500 2.010797e+11
4423 4.423500 2.008807e+11
4424 4.424500 2.006819e+11
4425 4.425500 2.004833e+11
4426 4.426500 2.002848e+11
4427 4.427500 2.000865e+11
4428 4.428500 1.998884e+11
4429 4.429500 1.996904e+11
4430 4.430500 1.994926e+11
4431 4.431500 1.992949e+11
4432 4.432500 1.990974e+11
4433 4.433500 1.989000e+11
4434 4.434500 1.987028e+11
4435 4.435500 1.985058e+11
4436 4.436500 1.983090e+11
4437 4.437500 1.981122e+11
4438 4.438500 1.979157e+11
4439 4.439500 1.977193e+11
4440 4.440500 1.975231e+11
4441 4.441500 1.973270e+11
4442 4.442500 1.971311e+11
4443 4.443500 1.969354e+11
4444 4.444500 1.967398e+11
4445 4.445500 1.965443e+11
4446 4.446500 1.963491e+11
4447 4.447500 1.961539e+11
4448 4.448500 1.959590e+11
4449 4.449500 1.957642e+11
4450 4.450500 1.955696e+11
4451 4.451500 1.953751e+11
4452 4.452500 1.951807e+11
4453 4.453500 1.949866e+11
4454 4.454500 1.947926e+11
4455 4.455500 1.945987e+11
4456 4.456500 1.944050e+11
4457 4.457500 1.942115e+11
4458 4.458500 1.940181e+11
4459 4.459500 1.938249e+11
4460 4.460500 1.936319e+11
4461 4.461500 1.934390e+11
4462 4.462500 1.932462e+11
4463 4.463500 1.930536e+11
4464 4.464500 1.928612e+11
4465 4.465500 1.926689e+11
4466 4.466500 1.924768e+11
4467 4.467500 1.922849e+11
4468 4.468500 1.920931e+11
4469 4.469500 1.919014e+11
4470 4.470500 1.917099e+11
4471 4.471500 1.915186e+11
4472 4.472500 1.913274e+11
4473 4.473500 1.911364e+11
4474 4.474500 1.909456e+11
4475 4.475500 1.907549e+11
4476 4.476500 1.905643e+11
4477 4.477500 1.903739e+11
4478 4.478500 1.901837e+11
4479 4.479500 1.899936e+11
4480 4.480500 1.898037e+11
4481 4.481500 1.896139e+11
4482 4.482500 1.894243e+11
4483 4.483500 1.892349e+11
4484 4.484500 1.890456e+11
4485 4.485500 1.888564e+11
4486 4.486500 1.886674e+11
4487 4.487500 1.884786e+11
4488 4.488500 1.882899e+11
4489 4.489500 1.881014e+11
4490 4.490500 1.879130e+11
4491 4.491500 1.877248e+11
4492 4.492500 1.875368e+11
4493 4.493500 1.873489e+11
4494 4.494500 1.871611e+11
4495 4.495500 1.869735e+11
4496 4.496500 1.867861e+11
4497 4.497500 1.865988e+11
4498 4.498500 1.864117e+11
4499 4.499500 1.862247e+11
4500 4.500500 1.860379e+11
4501 4.501500 1.858512e+11
4502 4.502500 1.856647e+11
4503 4.503500 1.854783e+11
4504 4.504500 1.852921e+11
4505 4.505500 1.851061e+11
4506 4.506500 1.849202e+11
4507 4.507500 1.847344e+11
4508 4.508500 1.845488e+11
4509 4.509500 1.843634e+11
4510 4.510500 1.841781e+11
4511 4.511500 1.839930e+11
4512 4.512500 1.838080e+11
4513 4.513500 1.836232e+11
4514 4.514500 1.834385e+11
4515 4.515500 1.832540e+11
4516 4.516500 1.830696e+11
4517 4.517500 1.828854e+11
4518 4.518500 1.827014e+11
4519 4.519500 1.825175e+11
4520 4.520500 1.823337e+11
4521 4.521500 1.821501e+11
4522 4.522500 1.819666e+11
4523 4.523500 1.817833e+11
4524 4.524500 1.816002e+11
4525 4.525500 1.814172e+11
4526 4.526500 1.812344e+11
4527 4.527500 1.810517e+11
4528 4.528500 1.808691e+11
4529 4.529500 1.806867e+11
4530 4.530500 1.805045e+11
4531 4.531500 1.803224e+11
4532 4.532500 1.801405e+11
4533 4.533500 1.799587e+11
4534 4.534500 1.797771e+11
4535 4.535500 1.795956e+11
4536 4.536500 1.794143e+11
4537 4.537500 1.792331e+11
4538 4.538500 1.790521e+11
4539 4.539500 1.788712e+11
4540 4.540500 1.786905e+11
4541 4.541500 1.785099e+11
4542 4.542500 1.783295e+11
4543 4.543500 1.781492e+11
4544 4.544500 1.779691e+11
4545 4.545500 1.777891e+11
4546 4.546500 1.776093e+11
4547 4.547500 1.774296e+11
4548 4.548500 1.772501e+11
4549 4.549500 1.770707e+11
4550 4.550500 1.768915e+11
4551 4.551500 1.767124e+11
4552 4.552500 1.765335e+11
4553 4.553500 1.763547e+11
4554 4.554500 1.761761e+11
4555 4.555500 1.759976e+11
4556 4.556500 1.758193e+11
4557 4.557500 1.756411e+11
4558 4.558500 1.754631e+11
4559 4.559500 1.752852e+11
4560 4.560500 1.751075e+11
4561 4.561500 1.749299e+11
4562 4.562500 1.747525e+11
4563 4.563500 1.745752e+11
4564 4.564500 1.743981e+11
4565 4.565500 1.742211e+11
4566 4.566500 1.740443e+11
4567 4.567500 1.738676e+11
4568 4.568500 1.736910e+11
4569 4.569500 1.735146e+11
4570 4.570500 1.733384e+11
4571 4.571500 1.731623e+11
4572 4.572500 1.729864e+11
4573 4.573500 1.728106e+11
4574 4.574500 1.726349e+11
4575 4.575500 1.724594e+11
4576 4.576500 1.722840e+11
4577 4.577500 1.721088e+11
4578 4.578500 1.719338e+11
4579 4.579500 1.717589e+11
4580 4.580500 1.715841e+11
4581 4.581500 1.714095e+11
4582 4.582500 1.712350e+11
4583 4.583500 1.710607e+11
4584 4.584500 1.708865e+11
4585 4.585500 1.707125e+11
4586 4.586500 1.705386e+11
4587 4.587500 1.703648e+11
4588 4.588500 1.701912e+11
4589 4.589500 1.700178e+11
4590 4.590500 1.698445e+11
4591 4.591500 1.696713e+11
4592 4.592500 1.694983e+11
4593 4.593500 1.693255e+11
4594 4.594500 1.691528e+11
4595 4.595500 1.689802e+11
4596 4.596500 1.688078e+11
4597 4.597500 1.686355e+11
4598 4.598500 1.684634e+11
4599 4.599500 1.682914e+11
4600 4.600500 1.681195e+11
4601 4.601500 1.679478e+11
4602 4.602500 1.677763e+11
4603 4.603500 1.676049e+11
4604 4.604500 1.674336e+11
4605 4.605500 1.672625e+11
4606 4.606500 1.670915e+11
4607 4.607500 1.669207e+11
4608 4.608500 1.667500e+11
4609 4.609500 1.665795e+11
4610 4.610500 1.664091e+11
4611 4.611500 1.662389e+11
4612 4.612500 1.660688e+11
4613 4.613500 1.658988e+11
4614 4.614500 1.657290e+11
4615 4.615500 1.655593e+11
4616 4.616500 1.653898e+11
4617 4.617500 1.652204e+11
4618 4.618500 1.650512e+11
4619 4.619500 1.648821e+11
4620 4.620500 1.647131e+11
4621 4.621500 1.645443e+11
4622 4.622500 1.643757e+11
4623 4.623500 1.642072e+11
4624 4.624500 1.640388e+11
4625 4.625500 1.638705e+11
4626 4.626500 1.637025e+11
4627 4.627500 1.635345e+11
4628 4.628500 1.633667e+11
4629 4.629500 1.631991e+11
4630 4.630500 1.630315e+11
4631 4.631500 1.628642e+11
4632 4.632500 1.626969e+11
4633 4.633500 1.625298e+11
4634 4.634500 1.623629e+11
4635 4.635500 1.621961e+11
4636 4.636500 1.620294e+11
4637 4.637500 1.618629e+11
4638 4.638500 1.616965e+11
4639 4.639500 1.615303e+11
4640 4.640500 1.613642e+11
4641 4.641500 1.611983e+11
4642 4.642500 1.610325e+11
4643 4.643500 1.608668e+11
4644 4.644500 1.607013e+11
4645 4.645500 1.605359e+11
4646 4.646500 1.603706e+11
4647 4.647500 1.602055e+11
4648 4.648500 1.600406e+11
4649 4.649500 1.598758e+11
4650 4.650500 1.597111e+11
4651 4.651500 1.595466e+11
4652 4.652500 1.593822e+11
4653 4.653500 1.592179e+11
4654 4.654500 1.590538e+11
4655 4.655500 1.588898e+11
4656 4.656500 1.587260e+11
4657 4.657500 1.585623e+11
4658 4.658500 1.583988e+11
4659 4.659500 1.582353e+11
4660 4.660500 1.580721e+11
4661 4.661500 1.579089e+11
4662 4.662500 1.577460e+11
4663 4.663500 1.575831e+11
4664 4.664500 1.574204e+11
4665 4.665500 1.572578e+11
4666 4.666500 1.570954e+11
4667 4.667500 1.569331e+11
4668 4.668500 1.567710e+11
4669 4.669500 1.566090e+11
4670 4.670500 1.564471e+11
4671 4.671500 1.562854e+11
4672 4.672500 1.561238e+11
4673 4.673500 1.559623e+11
4674 4.674500 1.558010e+11
4675 4.675500 1.556398e+11
4676 4.676500 1.554788e+11
4677 4.677500 1.553179e+11
4678 4.678500 1.551571e+11
4679 4.679500 1.549965e+11
4680 4.680500 1.548360e+11
4681 4.681500 1.546757e+11
4682 4.682500 1.545155e+11
4683 4.683500 1.543554e+11
4684 4.684500 1.541955e+11
4685 4.685500 1.540357e+11
4686 4.686500 1.538761e+11
4687 4.687500 1.537165e+11
4688 4.688500 1.535572e+11
4689 4.689500 1.533979e+11
4690 4.690500 1.532388e+11
4691 4.691500 1.530799e+11
4692 4.692500 1.529210e+11
4693 4.693500 1.527624e+11
4694 4.694500 1.526038e+11
4695 4.695500 1.524454e+11
4696 4.696500 1.522871e+11
4697 4.697500 1.521290e+11
4698 4.698500 1.519710e+11
4699 4.699500 1.518131e+11
4700 4.700500 1.516554e+11
4701 4.701500 1.514978e+11
4702 4.702500 1.513404e+11
4703 4.703500 1.511830e+11
4704 4.704500 1.510259e+11
4705 4.705500 1.508688e+11
4706 4.706500 1.507119e+11
4707 4.707500 1.505551e+11
4708 4.708500 1.503985e+11
4709 4.709500 1.502420e+11
4710 4.710500 1.500856e+11
4711 4.711500 1.499294e+11
4712 4.712500 1.497733e+11
4713 4.713500 1.496174e+11
4714 4.714500 1.494615e+11
4715 4.715500 1.493059e+11
4716 4.716500 1.491503e+11
4717 4.717500 1.489949e+11
4718 4.718500 1.488396e+11
4719 4.719500 1.486845e+11
4720 4.720500 1.485295e+11
4721 4.721500 1.483746e+11
4722 4.722500 1.482199e+11
4723 4.723500 1.480653e+11
4724 4.724500 1.479108e+11
4725 4.725500 1.477565e+11
4726 4.726500 1.476023e+11
4727 4.727500 1.474482e+11
4728 4.728500 1.472943e+11
4729 4.729500 1.471405e+11
4730 4.730500 1.469868e+11
4731 4.731500 1.468333e+11
4732 4.732500 1.466799e+11
4733 4.733500 1.465266e+11
4734 4.734500 1.463735e+11
4735 4.735500 1.462205e+11
4736 4.736500 1.460677e+11
4737 4.737500 1.459150e+11
4738 4.738500 1.457624e+11
4739 4.739500 1.456099e+11
4740 4.740500 1.454576e+11
4741 4.741500 1.453054e+11
4742 4.742500 1.451534e+11
4743 4.743500 1.450014e+11
4744 4.744500 1.448496e+11
4745 4.745500 1.446980e+11
4746 4.746500 1.445465e+11
4747 4.747500 1.443951e+11
4748 4.748500 1.442438e+11
4749 4.749500 1.440927e+11
4750 4.750500 1.439417e+11
4751 4.751500 1.437908e+11
4752 4.752500 1.436401e+11
4753 4.753500 1.434895e+11
4754 4.754500 1.433391e+11
4755 4.755500 1.431887e+11
4756 4.756500 1.430385e+11
4757 4.757500 1.428885e+11
4758 4.758500 1.427385e+11
4759 4.759500 1.425887e+11
4760 4.760500 1.424391e+11
4761 4.761500 1.422895e+11
4762 4.762500 1.421401e+11
4763 4.763500 1.419909e+11
4764 4.764500 1.418417e+11
4765 4.765500 1.416927e+11
4766 4.766500 1.415438e+11
4767 4.767500 1.413951e+11
4768 4.768500 1.412464e+11
4769 4.769500 1.410980e+11
4770 4.770500 1.409496e+11
4771 4.771500 1.408014e+11
4772 4.772500 1.406533e+11
4773 4.773500 1.405053e+11
4774 4.774500 1.403575e+11
4775 4.775500 1.402098e+11
4776 4.776500 1.400622e+11
4777 4.777500 1.399148e+11
4778 4.778500 1.397675e+11
4779 4.779500 1.396203e+11
4780 4.780500 1.394732e+11
4781 4.781500 1.393263e+11
4782 4.782500 1.391795e+11
4783 4.783500 1.390328e+11
4784 4.784500 1.388863e+11
4785 4.785500 1.387399e+11
4786 4.786500 1.385936e+11
4787 4.787500 1.384475e+11
4788 4.788500 1.383015e+11
4789 4.789500 1.381556e+11
4790 4.790500 1.380098e+11
4791 4.791500 1.378642e+11
4792 4.792500 1.377187e+11
4793 4.793500 1.375734e+11
4794 4.794500 1.374281e+11
4795 4.795500 1.372830e+11
4796 4.796500 1.371380e+11
4797 4.797500 1.369932e+11
4798 4.798500 1.368484e+11
4799 4.799500 1.367039e+11
4800 4.800500 1.365594e+11
4801 4.801500 1.364150e+11
4802 4.802500 1.362708e+11
4803 4.803500 1.361268e+11
4804 4.804500 1.359828e+11
4805 4.805500 1.358390e+11
4806 4.806500 1.356953e+11
4807 4.807500 1.355517e+11
4808 4.808500 1.354083e+11
4809 4.809500 1.352649e+11
4810 4.810500 1.351218e+11
4811 4.811500 1.349787e+11
4812 4.812500 1.348358e+11
4813 4.813500 1.346930e+11
4814 4.814500 1.345503e+11
4815 4.815500 1.344077e+11
4816 4.816500 1.342653e+11
4817 4.817500 1.341230e+11
4818 4.818500 1.339808e+11
4819 4.819500 1.338388e+11
4820 4.820500 1.336969e+11
4821 4.821500 1.335551e+11
4822 4.822500 1.334134e+11
4823 4.823500 1.332719e+11
4824 4.824500 1.331305e+11
4825 4.825500 1.329892e+11
4826 4.826500 1.328480e+11
4827 4.827500 1.327070e+11
4828 4.828500 1.325661e+11
4829 4.829500 1.324253e+11
4830 4.830500 1.322847e+11
4831 4.831500 1.321441e+11
4832 4.832500 1.320037e+11
4833 4.833500 1.318635e+11
4834 4.834500 1.317233e+11
4835 4.835500 1.315833e+11
4836 4.836500 1.314434e+11
4837 4.837500 1.313036e+11
4838 4.838500 1.311640e+11
4839 4.839500 1.310244e+11
4840 4.840500 1.308850e+11
4841 4.841500 1.307458e+11
4842 4.842500 1.306066e+11
4843 4.843500 1.304676e+11
4844 4.844500 1.303287e+11
4845 4.845500 1.301899e+11
4846 4.846500 1.300513e+11
4847 4.847500 1.299127e+11
4848 4.848500 1.297743e+11
4849 4.849500 1.296361e+11
4850 4.850500 1.294979e+11
4851 4.851500 1.293599e+11
4852 4.852500 1.292220e+11
4853 4.853500 1.290842e+11
4854 4.854500 1.289465e+11
4855 4.855500 1.288090e+11
4856 4.856500 1.286716e+11
4857 4.857500 1.285343e+11
4858 4.858500 1.283971e+11
4859 4.859500 1.282601e+11
4860 4.860500 1.281232e+11
4861 4.861500 1.279864e+11
4862 4.862500 1.278497e+11
4863 4.863500 1.277132e+11
4864 4.864500 1.275768e+11
4865 4.865500 1.274405e+11
4866 4.866500 1.273043e+11
4867 4.867500 1.271682e+11
4868 4.868500 1.270323e+11
4869 4.869500 1.268965e+11
4870 4.870500 1.267608e+11
4871 4.871500 1.266252e+11
4872 4.872500 1.264898e+11
4873 4.873500 1.263545e+11
4874 4.874500 1.262193e+11
4875 4.875500 1.260842e+11
4876 4.876500 1.259493e+11
4877 4.877500 1.258144e+11
4878 4.878500 1.256797e+11
4879 4.879500 1.255451e+11
4880 4.880500 1.254107e+11
4881 4.881500 1.252763e+11
4882 4.882500 1.251421e+11
4883 4.883500 1.250080e+11
4884 4.884500 1.248740e+11
4885 4.885500 1.247402e+11
4886 4.886500 1.246064e+11
4887 4.887500 1.244728e+11
4888 4.888500 1.243393e+11
4889 4.889500 1.242060e+11
4890 4.890500 1.240727e+11
4891 4.891500 1.239396e+11
4892 4.892500 1.238066e+11
4893 4.893500 1.236737e+11
4894 4.894500 1.235409e+11
4895 4.895500 1.234083e+11
4896 4.896500 1.232757e+11
4897 4.897500 1.231433e+11
4898 4.898500 1.230111e+11
4899 4.899500 1.228789e+11
4900 4.900500 1.227468e+11
4901 4.901500 1.226149e+11
4902 4.902500 1.224831e+11
4903 4.903500 1.223514e+11
4904 4.904500 1.222199e+11
4905 4.905500 1.220884e+11
4906 4.906500 1.219571e+11
4907 4.907500 1.218259e+11
4908 4.908500 1.216948e+11
4909 4.909500 1.215638e+11
4910 4.910500 1.214330e+11
4911 4.911500 1.213022e+11
4912 4.912500 1.211716e+11
4913 4.913500 1.210411e+11
4914 4.914500 1.209108e+11
4915 4.915500 1.207805e+11
4916 4.916500 1.206504e+11
4917 4.917500 1.205204e+11
4918 4.918500 1.203905e+11
4919 4.919500 1.202607e+11
4920 4.920500 1.201310e+11
4921 4.921500 1.200015e+11
4922 4.922500 1.198721e+11
4923 4.923500 1.197428e+11
4924 4.924500 1.196136e+11
4925 4.925500 1.194845e+11
4926 4.926500 1.193556e+11
4927 4.927500 1.192267e+11
4928 4.928500 1.190980e+11
4929 4.929500 1.189694e+11
4930 4.930500 1.188409e+11
4931 4.931500 1.187126e+11
4932 4.932500 1.185843e+11
4933 4.933500 1.184562e+11
4934 4.934500 1.183282e+11
4935 4.935500 1.182003e+11
4936 4.936500 1.180725e+11
4937 4.937500 1.179449e+11
4938 4.938500 1.178173e+11
4939 4.939500 1.176899e+11
4940 4.940500 1.175626e+11
4941 4.941500 1.174354e+11
4942 4.942500 1.173083e+11
4943 4.943500 1.171814e+11
4944 4.944500 1.170545e+11
4945 4.945500 1.169278e+11
4946 4.946500 1.168012e+11
4947 4.947500 1.166747e+11
4948 4.948500 1.165483e+11
4949 4.949500 1.164221e+11
4950 4.950500 1.162959e+11
4951 4.951500 1.161699e+11
4952 4.952500 1.160440e+11
4953 4.953500 1.159182e+11
4954 4.954500 1.157925e+11
4955 4.955500 1.156669e+11
4956 4.956500 1.155415e+11
4957 4.957500 1.154162e+11
4958 4.958500 1.152909e+11
4959 4.959500 1.151658e+11
4960 4.960500 1.150409e+11
4961 4.961500 1.149160e+11
4962 4.962500 1.147912e+11
4963 4.963500 1.146666e+11
4964 4.964500 1.145421e+11
4965 4.965500 1.144176e+11
4966 4.966500 1.142934e+11
4967 4.967500 1.141692e+11
4968 4.968500 1.140451e+11
4969 4.969500 1.139212e+11
4970 4.970500 1.137973e+11
4971 4.971500 1.136736e+11
4972 4.972500 1.135500e+11
4973 4.973500 1.134265e+11
4974 4.974500 1.133031e+11
4975 4.975500 1.131798e+11
4976 4.976500 1.130567e+11
4977 4.977500 1.129336e+11
4978 4.978500 1.128107e+11
4979 4.979500 1.126879e+11
4980 4.980500 1.125652e+11
4981 4.981500 1.124426e+11
4982 4.982500 1.123202e+11
4983 4.983500 1.121978e+11
4984 4.984500 1.120755e+11
4985 4.985500 1.119534e+11
4986 4.986500 1.118314e+11
4987 4.987500 1.117095e+11
4988 4.988500 1.115877e+11
4989 4.989500 1.114660e+11
4990 4.990500 1.113445e+11
4991 4.991500 1.112230e+11
4992 4.992500 1.111017e+11
4993 4.993500 1.109804e+11
4994 4.994500 1.108593e+11
4995 4.995500 1.107383e+11
4996 4.996500 1.106174e+11
4997 4.997500 1.104967e+11
4998 4.998500 1.103760e+11
4999 4.999500 1.102554e+11
5000 5.000500 1.101350e+11
5001 5.001500 1.100147e+11
5002 5.002500 1.098944e+11
5003 5.003500 1.097743e+11
5004 5.004500 1.096543e+11
5005 5.005500 1.095345e+11
5006 5.006500 1.094147e+11
5007 5.007500 1.092950e+11
5008 5.008500 1.091755e+11
5009 5.009500 1.090560e+11
5010 5.010500 1.089367e+11
5011 5.011500 1.088175e+11
5012 5.012500 1.086984e+11
5013 5.013500 1.085794e+11
5014 5.014500 1.084605e+11
5015 5.015500 1.083418e+11
5016 5.016500 1.082231e+11
5017 5.017500 1.081046e+11
5018 5.018500 1.079861e+11
5019 5.019500 1.078678e+11
5020 5.020500 1.077496e+11
5021 5.021500 1.076315e+11
5022 5.022500 1.075135e+11
5023 5.023500 1.073956e+11
5024 5.024500 1.072778e+11
5025 5.025500 1.071601e+11
5026 5.026500 1.070426e+11
5027 5.027500 1.069251e+11
5028 5.028500 1.068078e+11
5029 5.029500 1.066906e+11
5030 5.030500 1.065735e+11
5031 5.031500 1.064565e+11
5032 5.032500 1.063396e+11
5033 5.033500 1.062228e+11
5034 5.034500 1.061061e+11
5035 5.035500 1.059895e+11
5036 5.036500 1.058731e+11
5037 5.037500 1.057567e+11
5038 5.038500 1.056405e+11
5039 5.039500 1.055244e+11
5040 5.040500 1.054083e+11
5041 5.041500 1.052924e+11
5042 5.042500 1.051766e+11
5043 5.043500 1.050609e+11
5044 5.044500 1.049453e+11
5045 5.045500 1.048298e+11
5046 5.046500 1.047145e+11
5047 5.047500 1.045992e+11
5048 5.048500 1.044841e+11
5049 5.049500 1.043690e+11
5050 5.050500 1.042541e+11
5051 5.051500 1.041392e+11
5052 5.052500 1.040245e+11
5053 5.053500 1.039099e+11
5054 5.054500 1.037954e+11
5055 5.055500 1.036810e+11
5056 5.056500 1.035667e+11
5057 5.057500 1.034525e+11
5058 5.058500 1.033384e+11
5059 5.059500 1.032245e+11
5060 5.060500 1.031106e+11
5061 5.061500 1.029969e+11
5062 5.062500 1.028832e+11
5063 5.063500 1.027697e+11
5064 5.064500 1.026562e+11
5065 5.065500 1.025429e+11
5066 5.066500 1.024297e+11
5067 5.067500 1.023166e+11
5068 5.068500 1.022036e+11
5069 5.069500 1.020907e+11
5070 5.070500 1.019779e+11
5071 5.071500 1.018652e+11
5072 5.072500 1.017526e+11
5073 5.073500 1.016402e+11
5074 5.074500 1.015278e+11
5075 5.075500 1.014155e+11
5076 5.076500 1.013034e+11
5077 5.077500 1.011913e+11
5078 5.078500 1.010794e+11
5079 5.079500 1.009676e+11
5080 5.080500 1.008558e+11
5081 5.081500 1.007442e+11
5082 5.082500 1.006327e+11
5083 5.083500 1.005213e+11
5084 5.084500 1.004100e+11
5085 5.085500 1.002988e+11
5086 5.086500 1.001877e+11
5087 5.087500 1.000767e+11
5088 5.088500 9.996578e+10
5089 5.089500 9.985500e+10
5090 5.090500 9.974432e+10
5091 5.091500 9.963375e+10
5092 5.092500 9.952329e+10
5093 5.093500 9.941292e+10
5094 5.094500 9.930267e+10
5095 5.095500 9.919252e+10
5096 5.096500 9.908247e+10
5097 5.097500 9.897252e+10
5098 5.098500 9.886269e+10
5099 5.099500 9.875295e+10
5100 5.100500 9.864332e+10
5101 5.101500 9.853380e+10
5102 5.102500 9.842437e+10
5103 5.103500 9.831506e+10
5104 5.104500 9.820584e+10
5105 5.105500 9.809673e+10
5106 5.106500 9.798773e+10
5107 5.107500 9.787883e+10
5108 5.108500 9.777003e+10
5109 5.109500 9.766133e+10
5110 5.110500 9.755274e+10
5111 5.111500 9.744425e+10
5112 5.112500 9.733587e+10
5113 5.113500 9.722759e+10
5114 5.114500 9.711941e+10
5115 5.115500 9.701133e+10
5116 5.116500 9.690336e+10
5117 5.117500 9.679549e+10
5118 5.118500 9.668773e+10
5119 5.119500 9.658006e+10
5120 5.120500 9.647250e+10
5121 5.121500 9.636505e+10
5122 5.122500 9.625769e+10
5123 5.123500 9.615044e+10
5124 5.124500 9.604329e+10
5125 5.125500 9.593624e+10
5126 5.126500 9.582929e+10
5127 5.127500 9.572245e+10
5128 5.128500 9.561571e+10
5129 5.129500 9.550907e+10
5130 5.130500 9.540253e+10
5131 5.131500 9.529610e+10
5132 5.132500 9.518977e+10
5133 5.133500 9.508353e+10
5134 5.134500 9.497740e+10
5135 5.135500 9.487138e+10
5136 5.136500 9.476545e+10
5137 5.137500 9.465962e+10
5138 5.138500 9.455390e+10
5139 5.139500 9.444828e+10
5140 5.140500 9.434276e+10
5141 5.141500 9.423734e+10
5142 5.142500 9.413202e+10
5143 5.143500 9.402680e+10
5144 5.144500 9.392168e+10
5145 5.145500 9.381667e+10
5146 5.146500 9.371175e+10
5147 5.147500 9.360694e+10
5148 5.148500 9.350222e+10
5149 5.149500 9.339761e+10
5150 5.150500 9.329310e+10
5151 5.151500 9.318868e+10
5152 5.152500 9.308437e+10
5153 5.153500 9.298016e+10
5154 5.154500 9.287605e+10
5155 5.155500 9.277204e+10
5156 5.156500 9.266812e+10
5157 5.157500 9.256431e+10
5158 5.158500 9.246060e+10
5159 5.159500 9.235699e+10
5160 5.160500 9.225348e+10
5161 5.161500 9.215006e+10
5162 5.162500 9.204675e+10
5163 5.163500 9.194354e+10
5164 5.164500 9.184042e+10
5165 5.165500 9.173741e+10
5166 5.166500 9.163449e+10
5167 5.167500 9.153168e+10
5168 5.168500 9.142896e+10
5169 5.169500 9.132634e+10
5170 5.170500 9.122382e+10
5171 5.171500 9.112140e+10
5172 5.172500 9.101908e+10
5173 5.173500 9.091686e+10
5174 5.174500 9.081473e+10
5175 5.175500 9.071271e+10
5176 5.176500 9.061078e+10
5177 5.177500 9.050895e+10
5178 5.178500 9.040722e+10
5179 5.179500 9.030559e+10
5180 5.180500 9.020406e+10
5181 5.181500 9.010262e+10
5182 5.182500 9.000129e+10
5183 5.183500 8.990005e+10
5184 5.184500 8.979891e+10
5185 5.185500 8.969786e+10
5186 5.186500 8.959692e+10
5187 5.187500 8.949607e+10
5188 5.188500 8.939532e+10
5189 5.189500 8.929467e+10
5190 5.190500 8.919411e+10
5191 5.191500 8.909366e+10
5192 5.192500 8.899330e+10
5193 5.193500 8.889303e+10
5194 5.194500 8.879287e+10
5195 5.195500 8.869280e+10
5196 5.196500 8.859283e+10
5197 5.197500 8.849295e+10
5198 5.198500 8.839318e+10
5199 5.199500 8.829350e+10
5200 5.200500 8.819391e+10
5201 5.201500 8.809442e+10
5202 5.202500 8.799503e+10
5203 5.203500 8.789574e+10
5204 5.204500 8.779654e+10
5205 5.205500 8.769744e+10
5206 5.206500 8.759844e+10
5207 5.207500 8.749953e+10
5208 5.208500 8.740072e+10
5209 5.209500 8.730200e+10
5210 5.210500 8.720338e+10
5211 5.211500 8.710485e+10
5212 5.212500 8.700643e+10
5213 5.213500 8.690809e+10
5214 5.214500 8.680986e+10
5215 5.215500 8.671172e+10
5216 5.216500 8.661367e+10
5217 5.217500 8.651572e+10
5218 5.218500 8.641787e+10
5219 5.219500 8.632011e+10
5220 5.220500 8.622244e+10
5221 5.221500 8.612487e+10
5222 5.222500 8.602740e+10
5223 5.223500 8.593002e+10
5224 5.224500 8.583274e+10
5225 5.225500 8.573555e+10
5226 5.226500 8.563846e+10
5227 5.227500 8.554146e+10
5228 5.228500 8.544455e+10
5229 5.229500 8.534774e+10
5230 5.230500 8.525103e+10
5231 5.231500 8.515441e+10
5232 5.232500 8.505788e+10
5233 5.233500 8.496145e+10
5234 5.234500 8.486511e+10
5235 5.235500 8.476887e+10
5236 5.236500 8.467272e+10
5237 5.237500 8.457667e+10
5238 5.238500 8.448070e+10
5239 5.239500 8.438484e+10
5240 5.240500 8.428906e+10
5241 5.241500 8.419338e+10
5242 5.242500 8.409780e+10
5243 5.243500 8.400231e+10
5244 5.244500 8.390691e+10
5245 5.245500 8.381160e+10
5246 5.246500 8.371639e+10
5247 5.247500 8.362127e+10
5248 5.248500 8.352625e+10
5249 5.249500 8.343132e+10
5250 5.250500 8.333648e+10
5251 5.251500 8.324173e+10
5252 5.252500 8.314708e+10
5253 5.253500 8.305252e+10
5254 5.254500 8.295805e+10
5255 5.255500 8.286368e+10
5256 5.256500 8.276940e+10
5257 5.257500 8.267521e+10
5258 5.258500 8.258111e+10
5259 5.259500 8.248711e+10
5260 5.260500 8.239320e+10
5261 5.261500 8.229938e+10
5262 5.262500 8.220565e+10
5263 5.263500 8.211202e+10
5264 5.264500 8.201847e+10
5265 5.265500 8.192502e+10
5266 5.266500 8.183167e+10
5267 5.267500 8.173840e+10
5268 5.268500 8.164522e+10
5269 5.269500 8.155214e+10
5270 5.270500 8.145915e+10
5271 5.271500 8.136625e+10
5272 5.272500 8.127344e+10
5273 5.273500 8.118073e+10
5274 5.274500 8.108810e+10
5275 5.275500 8.099557e+10
5276 5.276500 8.090312e+10
5277 5.277500 8.081077e+10
5278 5.278500 8.071851e+10
5279 5.279500 8.062634e+10
5280 5.280500 8.053426e+10
5281 5.281500 8.044228e+10
5282 5.282500 8.035038e+10
5283 5.283500 8.025858e+10
5284 5.284500 8.016686e+10
5285 5.285500 8.007524e+10
5286 5.286500 7.998370e+10
5287 5.287500 7.989226e+10
5288 5.288500 7.980091e+10
5289 5.289500 7.970964e+10
5290 5.290500 7.961847e+10
5291 5.291500 7.952739e+10
5292 5.292500 7.943640e+10
5293 5.293500 7.934549e+10
5294 5.294500 7.925468e+10
5295 5.295500 7.916396e+10
5296 5.296500 7.907333e+10
5297 5.297500 7.898279e+10
5298 5.298500 7.889233e+10
5299 5.299500 7.880197e+10
5300 5.300500 7.871170e+10
5301 5.301500 7.862151e+10
5302 5.302500 7.853142e+10
5303 5.303500 7.844141e+10
5304 5.304500 7.835150e+10
5305 5.305500 7.826167e+10
5306 5.306500 7.817193e+10
5307 5.307500 7.808228e+10
5308 5.308500 7.799272e+10
5309 5.309500 7.790325e+10
5310 5.310500 7.781387e+10
5311 5.311500 7.772458e+10
5312 5.312500 7.763537e+10
5313 5.313500 7.754626e+10
5314 5.314500 7.745723e+10
5315 5.315500 7.736829e+10
5316 5.316500 7.727944e+10
5317 5.317500 7.719068e+10
5318 5.318500 7.710201e+10
5319 5.319500 7.701342e+10
5320 5.320500 7.692493e+10
5321 5.321500 7.683652e+10
5322 5.322500 7.674820e+10
5323 5.323500 7.665996e+10
5324 5.324500 7.657182e+10
5325 5.325500 7.648376e+10
5326 5.326500 7.639579e+10
5327 5.327500 7.630791e+10
5328 5.328500 7.622011e+10
5329 5.329500 7.613241e+10
5330 5.330500 7.604479e+10
5331 5.331500 7.595726e+10
5332 5.332500 7.586981e+10
5333 5.333500 7.578246e+10
5334 5.334500 7.569518e+10
5335 5.335500 7.560800e+10
5336 5.336500 7.552091e+10
5337 5.337500 7.543390e+10
5338 5.338500 7.534698e+10
5339 5.339500 7.526014e+10
5340 5.340500 7.517339e+10
5341 5.341500 7.508673e+10
5342 5.342500 7.500015e+10
5343 5.343500 7.491367e+10
5344 5.344500 7.482726e+10
5345 5.345500 7.474095e+10
5346 5.346500 7.465472e+10
5347 5.347500 7.456858e+10
5348 5.348500 7.448252e+10
5349 5.349500 7.439655e+10
5350 5.350500 7.431066e+10
5351 5.351500 7.422487e+10
5352 5.352500 7.413915e+10
5353 5.353500 7.405353e+10
5354 5.354500 7.396799e+10
5355 5.355500 7.388253e+10
5356 5.356500 7.379716e+10
5357 5.357500 7.371188e+10
5358 5.358500 7.362668e+10
5359 5.359500 7.354157e+10
5360 5.360500 7.345654e+10
5361 5.361500 7.337160e+10
5362 5.362500 7.328674e+10
5363 5.363500 7.320197e+10
5364 5.364500 7.311728e+10
5365 5.365500 7.303268e+10
5366 5.366500 7.294816e+10
5367 5.367500 7.286373e+10
5368 5.368500 7.277939e+10
5369 5.369500 7.269512e+10
5370 5.370500 7.261095e+10
5371 5.371500 7.252685e+10
5372 5.372500 7.244285e+10
5373 5.373500 7.235892e+10
5374 5.374500 7.227508e+10
5375 5.375500 7.219133e+10
5376 5.376500 7.210766e+10
5377 5.377500 7.202407e+10
5378 5.378500 7.194057e+10
5379 5.379500 7.185715e+10
5380 5.380500 7.177382e+10
5381 5.381500 7.169057e+10
5382 5.382500 7.160740e+10
5383 5.383500 7.152432e+10
5384 5.384500 7.144132e+10
5385 5.385500 7.135841e+10
5386 5.386500 7.127558e+10
5387 5.387500 7.119283e+10
5388 5.388500 7.111017e+10
5389 5.389500 7.102758e+10
5390 5.390500 7.094509e+10
5391 5.391500 7.086267e+10
5392 5.392500 7.078034e+10
5393 5.393500 7.069810e+10
5394 5.394500 7.061593e+10
5395 5.395500 7.053385e+10
5396 5.396500 7.045185e+10
5397 5.397500 7.036994e+10
5398 5.398500 7.028810e+10
5399 5.399500 7.020635e+10
5400 5.400500 7.012469e+10
5401 5.401500 7.004310e+10
5402 5.402500 6.996160e+10
5403 5.403500 6.988018e+10
5404 5.404500 6.979884e+10
5405 5.405500 6.971759e+10
5406 5.406500 6.963641e+10
5407 5.407500 6.955532e+10
5408 5.408500 6.947431e+10
5409 5.409500 6.939339e+10
5410 5.410500 6.931254e+10
5411 5.411500 6.923178e+10
5412 5.412500 6.915110e+10
5413 5.413500 6.907050e+10
5414 5.414500 6.898999e+10
5415 5.415500 6.890955e+10
5416 5.416500 6.882920e+10
5417 5.417500 6.874893e+10
5418 5.418500 6.866874e+10
5419 5.419500 6.858863e+10
5420 5.420500 6.850860e+10
5421 5.421500 6.842865e+10
5422 5.422500 6.834879e+10
5423 5.423500 6.826900e+10
5424 5.424500 6.818930e+10
5425 5.425500 6.810968e+10
5426 5.426500 6.803014e+10
5427 5.427500 6.795068e+10
5428 5.428500 6.787130e+10
5429 5.429500 6.779200e+10
5430 5.430500 6.771278e+10
5431 5.431500 6.763364e+10
5432 5.432500 6.755459e+10
5433 5.433500 6.747561e+10
5434 5.434500 6.739671e+10
5435 5.435500 6.731790e+10
5436 5.436500 6.723916e+10
5437 5.437500 6.716051e+10
5438 5.438500 6.708193e+10
5439 5.439500 6.700344e+10
5440 5.440500 6.692502e+10
5441 5.441500 6.684669e+10
5442 5.442500 6.676844e+10
5443 5.443500 6.669026e+10
5444 5.444500 6.661217e+10
5445 5.445500 6.653415e+10
5446 5.446500 6.645621e+10
5447 5.447500 6.637836e+10
5448 5.448500 6.630058e+10
5449 5.449500 6.622288e+10
5450 5.450500 6.614527e+10
5451 5.451500 6.606773e+10
5452 5.452500 6.599027e+10
5453 5.453500 6.591289e+10
5454 5.454500 6.583559e+10
5455 5.455500 6.575836e+10
5456 5.456500 6.568122e+10
5457 5.457500 6.560416e+10
5458 5.458500 6.552717e+10
5459 5.459500 6.545026e+10
5460 5.460500 6.537344e+10
5461 5.461500 6.529669e+10
5462 5.462500 6.522002e+10
5463 5.463500 6.514342e+10
5464 5.464500 6.506691e+10
5465 5.465500 6.499047e+10
5466 5.466500 6.491412e+10
5467 5.467500 6.483784e+10
5468 5.468500 6.476164e+10
5469 5.469500 6.468552e+10
5470 5.470500 6.460947e+10
5471 5.471500 6.453351e+10
5472 5.472500 6.445762e+10
5473 5.473500 6.438181e+10
5474 5.474500 6.430607e+10
5475 5.475500 6.423042e+10
5476 5.476500 6.415484e+10
5477 5.477500 6.407934e+10
5478 5.478500 6.400392e+10
5479 5.479500 6.392857e+10
5480 5.480500 6.385331e+10
5481 5.481500 6.377812e+10
5482 5.482500 6.370301e+10
5483 5.483500 6.362797e+10
5484 5.484500 6.355301e+10
5485 5.485500 6.347813e+10
5486 5.486500 6.340333e+10
5487 5.487500 6.332860e+10
5488 5.488500 6.325395e+10
5489 5.489500 6.317938e+10
5490 5.490500 6.310488e+10
5491 5.491500 6.303046e+10
5492 5.492500 6.295612e+10
5493 5.493500 6.288185e+10
5494 5.494500 6.280766e+10
5495 5.495500 6.273355e+10
5496 5.496500 6.265951e+10
5497 5.497500 6.258555e+10
5498 5.498500 6.251166e+10
5499 5.499500 6.243786e+10
5500 5.500500 6.236412e+10
5501 5.501500 6.229047e+10
5502 5.502500 6.221689e+10
5503 5.503500 6.214338e+10
5504 5.504500 6.206995e+10
5505 5.505500 6.199660e+10
5506 5.506500 6.192332e+10
5507 5.507500 6.185012e+10
5508 5.508500 6.177700e+10
5509 5.509500 6.170395e+10
5510 5.510500 6.163097e+10
5511 5.511500 6.155808e+10
5512 5.512500 6.148525e+10
5513 5.513500 6.141250e+10
5514 5.514500 6.133983e+10
5515 5.515500 6.126723e+10
5516 5.516500 6.119471e+10
5517 5.517500 6.112226e+10
5518 5.518500 6.104989e+10
5519 5.519500 6.097759e+10
5520 5.520500 6.090537e+10
5521 5.521500 6.083322e+10
5522 5.522500 6.076115e+10
5523 5.523500 6.068915e+10
5524 5.524500 6.061723e+10
5525 5.525500 6.054538e+10
5526 5.526500 6.047360e+10
5527 5.527500 6.040190e+10
5528 5.528500 6.033027e+10
5529 5.529500 6.025872e+10
5530 5.530500 6.018725e+10
5531 5.531500 6.011584e+10
5532 5.532500 6.004451e+10
5533 5.533500 5.997326e+10
5534 5.534500 5.990208e+10
5535 5.535500 5.983097e+10
5536 5.536500 5.975994e+10
5537 5.537500 5.968898e+10
5538 5.538500 5.961809e+10
5539 5.539500 5.954728e+10
5540 5.540500 5.947654e+10
5541 5.541500 5.940587e+10
5542 5.542500 5.933528e+10
5543 5.543500 5.926476e+10
5544 5.544500 5.919432e+10
5545 5.545500 5.912395e+10
5546 5.546500 5.905365e+10
5547 5.547500 5.898343e+10
5548 5.548500 5.891327e+10
5549 5.549500 5.884319e+10
5550 5.550500 5.877319e+10
5551 5.551500 5.870326e+10
5552 5.552500 5.863340e+10
5553 5.553500 5.856361e+10
5554 5.554500 5.849389e+10
5555 5.555500 5.842425e+10
5556 5.556500 5.835468e+10
5557 5.557500 5.828519e+10
5558 5.558500 5.821576e+10
5559 5.559500 5.814641e+10
5560 5.560500 5.807713e+10
5561 5.561500 5.800793e+10
5562 5.562500 5.793879e+10
5563 5.563500 5.786973e+10
5564 5.564500 5.780074e+10
5565 5.565500 5.773182e+10
5566 5.566500 5.766297e+10
5567 5.567500 5.759420e+10
5568 5.568500 5.752550e+10
5569 5.569500 5.745687e+10
5570 5.570500 5.738831e+10
5571 5.571500 5.731982e+10
5572 5.572500 5.725140e+10
5573 5.573500 5.718306e+10
5574 5.574500 5.711479e+10
5575 5.575500 5.704659e+10
5576 5.576500 5.697846e+10
5577 5.577500 5.691040e+10
5578 5.578500 5.684241e+10
5579 5.579500 5.677450e+10
5580 5.580500 5.670665e+10
5581 5.581500 5.663888e+10
5582 5.582500 5.657118e+10
5583 5.583500 5.650355e+10
5584 5.584500 5.643598e+10
5585 5.585500 5.636849e+10
5586 5.586500 5.630108e+10
5587 5.587500 5.623373e+10
5588 5.588500 5.616645e+10
5589 5.589500 5.609924e+10
5590 5.590500 5.603211e+10
5591 5.591500 5.596504e+10
5592 5.592500 5.589805e+10
5593 5.593500 5.583112e+10
5594 5.594500 5.576427e+10
5595 5.595500 5.569748e+10
5596 5.596500 5.563077e+10
5597 5.597500 5.556412e+10
5598 5.598500 5.549755e+10
5599 5.599500 5.543104e+10
5600 5.600500 5.536461e+10
5601 5.601500 5.529824e+10
5602 5.602500 5.523195e+10
5603 5.603500 5.516573e+10
5604 5.604500 5.509957e+10
5605 5.605500 5.503348e+10
5606 5.606500 5.496747e+10
5607 5.607500 5.490152e+10
5608 5.608500 5.483565e+10
5609 5.609500 5.476984e+10
5610 5.610500 5.470410e+10
5611 5.611500 5.463843e+10
5612 5.612500 5.457283e+10
5613 5.613500 5.450730e+10
5614 5.614500 5.444184e+10
5615 5.615500 5.437645e+10
5616 5.616500 5.431112e+10
5617 5.617500 5.424587e+10
5618 5.618500 5.418068e+10
5619 5.619500 5.411557e+10
5620 5.620500 5.405052e+10
5621 5.621500 5.398554e+10
5622 5.622500 5.392063e+10
5623 5.623500 5.385579e+10
5624 5.624500 5.379101e+10
5625 5.625500 5.372631e+10
5626 5.626500 5.366167e+10
5627 5.627500 5.359710e+10
5628 5.628500 5.353260e+10
5629 5.629500 5.346817e+10
5630 5.630500 5.340380e+10
5631 5.631500 5.333951e+10
5632 5.632500 5.327528e+10
5633 5.633500 5.321112e+10
5634 5.634500 5.314703e+10
5635 5.635500 5.308300e+10
5636 5.636500 5.301905e+10
5637 5.637500 5.295516e+10
5638 5.638500 5.289134e+10
5639 5.639500 5.282759e+10
5640 5.640500 5.276390e+10
5641 5.641500 5.270028e+10
5642 5.642500 5.263673e+10
5643 5.643500 5.257325e+10
5644 5.644500 5.250983e+10
5645 5.645500 5.244648e+10
5646 5.646500 5.238320e+10
5647 5.647500 5.231999e+10
5648 5.648500 5.225684e+10
5649 5.649500 5.219376e+10
5650 5.650500 5.213074e+10
5651 5.651500 5.206780e+10
5652 5.652500 5.200492e+10
5653 5.653500 5.194211e+10
5654 5.654500 5.187936e+10
5655 5.655500 5.181668e+10
5656 5.656500 5.175407e+10
5657 5.657500 5.169152e+10
5658 5.658500 5.162904e+10
5659 5.659500 5.156663e+10
5660 5.660500 5.150428e+10
5661 5.661500 5.144200e+10
5662 5.662500 5.137979e+10
5663 5.663500 5.131764e+10
5664 5.664500 5.125556e+10
5665 5.665500 5.119354e+10
5666 5.666500 5.113159e+10
5667 5.667500 5.106971e+10
5668 5.668500 5.100789e+10
5669 5.669500 5.094614e+10
5670 5.670500 5.088445e+10
5671 5.671500 5.082283e+10
5672 5.672500 5.076127e+10
5673 5.673500 5.069979e+10
5674 5.674500 5.063836e+10
5675 5.675500 5.057700e+10
5676 5.676500 5.051571e+10
5677 5.677500 5.045448e+10
5678 5.678500 5.039332e+10
5679 5.679500 5.033222e+10
5680 5.680500 5.027119e+10
5681 5.681500 5.021023e+10
5682 5.682500 5.014933e+10
5683 5.683500 5.008849e+10
5684 5.684500 5.002772e+10
5685 5.685500 4.996701e+10
5686 5.686500 4.990637e+10
5687 5.687500 4.984579e+10
5688 5.688500 4.978528e+10
5689 5.689500 4.972484e+10
5690 5.690500 4.966445e+10
5691 5.691500 4.960414e+10
5692 5.692500 4.954388e+10
5693 5.693500 4.948369e+10
5694 5.694500 4.942357e+10
5695 5.695500 4.936351e+10
5696 5.696500 4.930351e+10
5697 5.697500 4.924358e+10
5698 5.698500 4.918372e+10
5699 5.699500 4.912391e+10
5700 5.700500 4.906417e+10
5701 5.701500 4.900450e+10
5702 5.702500 4.894489e+10
5703 5.703500 4.888534e+10
5704 5.704500 4.882586e+10
5705 5.705500 4.876644e+10
5706 5.706500 4.870708e+10
5707 5.707500 4.864779e+10
5708 5.708500 4.858856e+10
5709 5.709500 4.852940e+10
5710 5.710500 4.847030e+10
5711 5.711500 4.841126e+10
5712 5.712500 4.835229e+10
5713 5.713500 4.829337e+10
5714 5.714500 4.823453e+10
5715 5.715500 4.817574e+10
5716 5.716500 4.811702e+10
5717 5.717500 4.805836e+10
5718 5.718500 4.799977e+10
5719 5.719500 4.794124e+10
5720 5.720500 4.788277e+10
5721 5.721500 4.782436e+10
5722 5.722500 4.776602e+10
5723 5.723500 4.770774e+10
5724 5.724500 4.764952e+10
5725 5.725500 4.759136e+10
5726 5.726500 4.753327e+10
5727 5.727500 4.747524e+10
5728 5.728500 4.741727e+10
5729 5.729500 4.735937e+10
5730 5.730500 4.730153e+10
5731 5.731500 4.724375e+10
5732 5.732500 4.718603e+10
5733 5.733500 4.712837e+10
5734 5.734500 4.707078e+10
5735 5.735500 4.701325e+10
5736 5.736500 4.695578e+10
5737 5.737500 4.689837e+10
5738 5.738500 4.684103e+10
5739 5.739500 4.678374e+10
5740 5.740500 4.672652e+10
5741 5.741500 4.666936e+10
5742 5.742500 4.661226e+10
5743 5.743500 4.655523e+10
5744 5.744500 4.649825e+10
5745 5.745500 4.644134e+10
5746 5.746500 4.638449e+10
5747 5.747500 4.632770e+10
5748 5.748500 4.627097e+10
5749 5.749500 4.621430e+10
5750 5.750500 4.615769e+10
5751 5.751500 4.610115e+10
5752 5.752500 4.604466e+10
5753 5.753500 4.598824e+10
5754 5.754500 4.593188e+10
5755 5.755500 4.587558e+10
5756 5.756500 4.581934e+10
5757 5.757500 4.576316e+10
5758 5.758500 4.570704e+10
5759 5.759500 4.565099e+10
5760 5.760500 4.559499e+10
5761 5.761500 4.553905e+10
5762 5.762500 4.548318e+10
5763 5.763500 4.542736e+10
5764 5.764500 4.537161e+10
5765 5.765500 4.531592e+10
5766 5.766500 4.526028e+10
5767 5.767500 4.520471e+10
5768 5.768500 4.514920e+10
5769 5.769500 4.509375e+10
5770 5.770500 4.503835e+10
5771 5.771500 4.498302e+10
5772 5.772500 4.492775e+10
5773 5.773500 4.487254e+10
5774 5.774500 4.481739e+10
5775 5.775500 4.476230e+10
5776 5.776500 4.470726e+10
5777 5.777500 4.465229e+10
5778 5.778500 4.459738e+10
5779 5.779500 4.454253e+10
5780 5.780500 4.448773e+10
5781 5.781500 4.443300e+10
5782 5.782500 4.437833e+10
5783 5.783500 4.432371e+10
5784 5.784500 4.426916e+10
5785 5.785500 4.421466e+10
5786 5.786500 4.416022e+10
5787 5.787500 4.410585e+10
5788 5.788500 4.405153e+10
5789 5.789500 4.399727e+10
5790 5.790500 4.394307e+10
5791 5.791500 4.388893e+10
5792 5.792500 4.383485e+10
5793 5.793500 4.378083e+10
5794 5.794500 4.372686e+10
5795 5.795500 4.367296e+10
5796 5.796500 4.361911e+10
5797 5.797500 4.356533e+10
5798 5.798500 4.351160e+10
5799 5.799500 4.345793e+10
5800 5.800500 4.340432e+10
5801 5.801500 4.335076e+10
5802 5.802500 4.329727e+10
5803 5.803500 4.324383e+10
5804 5.804500 4.319046e+10
5805 5.805500 4.313714e+10
5806 5.806500 4.308388e+10
5807 5.807500 4.303067e+10
5808 5.808500 4.297753e+10
5809 5.809500 4.292444e+10
5810 5.810500 4.287141e+10
5811 5.811500 4.281844e+10
5812 5.812500 4.276553e+10
5813 5.813500 4.271268e+10
5814 5.814500 4.265988e+10
5815 5.815500 4.260714e+10
5816 5.816500 4.255446e+10
5817 5.817500 4.250184e+10
5818 5.818500 4.244927e+10
5819 5.819500 4.239676e+10
5820 5.820500 4.234431e+10
5821 5.821500 4.229192e+10
5822 5.822500 4.223958e+10
5823 5.823500 4.218730e+10
5824 5.824500 4.213508e+10
5825 5.825500 4.208292e+10
5826 5.826500 4.203081e+10
5827 5.827500 4.197876e+10
5828 5.828500 4.192677e+10
5829 5.829500 4.187483e+10
5830 5.830500 4.182295e+10
5831 5.831500 4.177113e+10
5832 5.832500 4.171937e+10
5833 5.833500 4.166766e+10
5834 5.834500 4.161601e+10
5835 5.835500 4.156441e+10
5836 5.836500 4.151288e+10
5837 5.837500 4.146140e+10
5838 5.838500 4.140997e+10
5839 5.839500 4.135860e+10
5840 5.840500 4.130729e+10
5841 5.841500 4.125604e+10
5842 5.842500 4.120484e+10
5843 5.843500 4.115370e+10
5844 5.844500 4.110261e+10
5845 5.845500 4.105158e+10
5846 5.846500 4.100061e+10
5847 5.847500 4.094969e+10
5848 5.848500 4.089883e+10
5849 5.849500 4.084802e+10
5850 5.850500 4.079727e+10
5851 5.851500 4.074658e+10
5852 5.852500 4.069594e+10
5853 5.853500 4.064536e+10
5854 5.854500 4.059483e+10
5855 5.855500 4.054436e+10
5856 5.856500 4.049395e+10
5857 5.857500 4.044359e+10
5858 5.858500 4.039328e+10
5859 5.859500 4.034304e+10
5860 5.860500 4.029284e+10
5861 5.861500 4.024271e+10
5862 5.862500 4.019262e+10
5863 5.863500 4.014260e+10
5864 5.864500 4.009262e+10
5865 5.865500 4.004271e+10
5866 5.866500 3.999285e+10
5867 5.867500 3.994304e+10
5868 5.868500 3.989329e+10
5869 5.869500 3.984359e+10
5870 5.870500 3.979395e+10
5871 5.871500 3.974437e+10
5872 5.872500 3.969483e+10
5873 5.873500 3.964536e+10
5874 5.874500 3.959594e+10
5875 5.875500 3.954657e+10
5876 5.876500 3.949726e+10
5877 5.877500 3.944800e+10
5878 5.878500 3.939879e+10
5879 5.879500 3.934964e+10
5880 5.880500 3.930055e+10
5881 5.881500 3.925151e+10
5882 5.882500 3.920252e+10
5883 5.883500 3.915359e+10
5884 5.884500 3.910471e+10
5885 5.885500 3.905589e+10
5886 5.886500 3.900712e+10
5887 5.887500 3.895841e+10
5888 5.888500 3.890974e+10
5889 5.889500 3.886114e+10
5890 5.890500 3.881258e+10
5891 5.891500 3.876408e+10
5892 5.892500 3.871564e+10
5893 5.893500 3.866725e+10
5894 5.894500 3.861891e+10
5895 5.895500 3.857062e+10
5896 5.896500 3.852239e+10
5897 5.897500 3.847422e+10
5898 5.898500 3.842609e+10
5899 5.899500 3.837802e+10
5900 5.900500 3.833001e+10
5901 5.901500 3.828204e+10
5902 5.902500 3.823413e+10
5903 5.903500 3.818627e+10
5904 5.904500 3.813847e+10
5905 5.905500 3.809072e+10
5906 5.906500 3.804302e+10
5907 5.907500 3.799538e+10
5908 5.908500 3.794779e+10
5909 5.909500 3.790025e+10
5910 5.910500 3.785276e+10
5911 5.911500 3.780533e+10
5912 5.912500 3.775795e+10
5913 5.913500 3.771062e+10
5914 5.914500 3.766335e+10
5915 5.915500 3.761613e+10
5916 5.916500 3.756896e+10
5917 5.917500 3.752184e+10
5918 5.918500 3.747478e+10
5919 5.919500 3.742777e+10
5920 5.920500 3.738081e+10
5921 5.921500 3.733390e+10
5922 5.922500 3.728705e+10
5923 5.923500 3.724025e+10
5924 5.924500 3.719350e+10
5925 5.925500 3.714680e+10
5926 5.926500 3.710015e+10
5927 5.927500 3.705356e+10
5928 5.928500 3.700702e+10
5929 5.929500 3.696053e+10
5930 5.930500 3.691409e+10
5931 5.931500 3.686771e+10
5932 5.932500 3.682137e+10
5933 5.933500 3.677509e+10
5934 5.934500 3.672886e+10
5935 5.935500 3.668268e+10
5936 5.936500 3.663656e+10
5937 5.937500 3.659048e+10
5938 5.938500 3.654446e+10
5939 5.939500 3.649849e+10
5940 5.940500 3.645256e+10
5941 5.941500 3.640670e+10
5942 5.942500 3.636088e+10
5943 5.943500 3.631511e+10
5944 5.944500 3.626940e+10
5945 5.945500 3.622373e+10
5946 5.946500 3.617812e+10
5947 5.947500 3.613256e+10
5948 5.948500 3.608705e+10
5949 5.949500 3.604159e+10
5950 5.950500 3.599618e+10
5951 5.951500 3.595082e+10
5952 5.952500 3.590551e+10
5953 5.953500 3.586025e+10
5954 5.954500 3.581505e+10
5955 5.955500 3.576989e+10
5956 5.956500 3.572479e+10
5957 5.957500 3.567974e+10
5958 5.958500 3.563473e+10
5959 5.959500 3.558978e+10
5960 5.960500 3.554488e+10
5961 5.961500 3.550003e+10
5962 5.962500 3.545523e+10
5963 5.963500 3.541048e+10
5964 5.964500 3.536578e+10
5965 5.965500 3.532113e+10
5966 5.966500 3.527653e+10
5967 5.967500 3.523198e+10
5968 5.968500 3.518748e+10
5969 5.969500 3.514303e+10
5970 5.970500 3.509863e+10
5971 5.971500 3.505428e+10
5972 5.972500 3.500998e+10
5973 5.973500 3.496573e+10
5974 5.974500 3.492153e+10
5975 5.975500 3.487738e+10
5976 5.976500 3.483328e+10
5977 5.977500 3.478923e+10
5978 5.978500 3.474522e+10
5979 5.979500 3.470127e+10
5980 5.980500 3.465737e+10
5981 5.981500 3.461352e+10
5982 5.982500 3.456971e+10
5983 5.983500 3.452596e+10
5984 5.984500 3.448226e+10
5985 5.985500 3.443860e+10
5986 5.986500 3.439499e+10
5987 5.987500 3.435144e+10
5988 5.988500 3.430793e+10
5989 5.989500 3.426447e+10
5990 5.990500 3.422106e+10
5991 5.991500 3.417770e+10
5992 5.992500 3.413439e+10
5993 5.993500 3.409113e+10
5994 5.994500 3.404791e+10
5995 5.995500 3.400475e+10
5996 5.996500 3.396163e+10
5997 5.997500 3.391857e+10
5998 5.998500 3.387555e+10
5999 5.999500 3.383258e+10
6000 6.000500 3.378966e+10
6001 6.001500 3.374678e+10
6002 6.002500 3.370396e+10
6003 6.003500 3.366118e+10
6004 6.004500 3.361845e+10
6005 6.005500 3.357578e+10
6006 6.006500 3.353315e+10
6007 6.007500 3.349056e+10
6008 6.008500 3.344803e+10
6009 6.009500 3.340554e+10
6010 6.010500 3.336310e+10
6011 6.011500 3.332071e+10
6012 6.012500 3.327837e+10
6013 6.013500 3.323608e+10
6014 6.014500 3.319383e+10
6015 6.015500 3.315163e+10
6016 6.016500 3.310948e+10
6017 6.017500 3.306738e+10
6018 6.018500 3.302533e+10
6019 6.019500 3.298332e+10
6020 6.020500 3.294136e+10
6021 6.021500 3.289945e+10
6022 6.022500 3.285759e+10
6023 6.023500 3.281577e+10
6024 6.024500 3.277400e+10
6025 6.025500 3.273228e+10
6026 6.026500 3.269060e+10
6027 6.027500 3.264898e+10
6028 6.028500 3.260740e+10
6029 6.029500 3.256587e+10
6030 6.030500 3.252438e+10
6031 6.031500 3.248294e+10
6032 6.032500 3.244155e+10
6033 6.033500 3.240021e+10
6034 6.034500 3.235891e+10
6035 6.035500 3.231766e+10
6036 6.036500 3.227646e+10
6037 6.037500 3.223530e+10
6038 6.038500 3.219419e+10
6039 6.039500 3.215313e+10
6040 6.040500 3.211212e+10
6041 6.041500 3.207115e+10
6042 6.042500 3.203023e+10
6043 6.043500 3.198935e+10
6044 6.044500 3.194852e+10
6045 6.045500 3.190774e+10
6046 6.046500 3.186700e+10
6047 6.047500 3.182631e+10
6048 6.048500 3.178567e+10
6049 6.049500 3.174507e+10
6050 6.050500 3.170452e+10
6051 6.051500 3.166402e+10
6052 6.052500 3.162356e+10
6053 6.053500 3.158315e+10
6054 6.054500 3.154279e+10
6055 6.055500 3.150247e+10
6056 6.056500 3.146219e+10
6057 6.057500 3.142197e+10
6058 6.058500 3.138178e+10
6059 6.059500 3.134165e+10
6060 6.060500 3.130156e+10
6061 6.061500 3.126151e+10
6062 6.062500 3.122152e+10
6063 6.063500 3.118156e+10
6064 6.064500 3.114166e+10
6065 6.065500 3.110180e+10
6066 6.066500 3.106198e+10
6067 6.067500 3.102221e+10
6068 6.068500 3.098249e+10
6069 6.069500 3.094281e+10
6070 6.070500 3.090317e+10
6071 6.071500 3.086359e+10
6072 6.072500 3.082404e+10
6073 6.073500 3.078455e+10
6074 6.074500 3.074509e+10
6075 6.075500 3.070569e+10
6076 6.076500 3.066633e+10
6077 6.077500 3.062701e+10
6078 6.078500 3.058774e+10
6079 6.079500 3.054851e+10
6080 6.080500 3.050933e+10
6081 6.081500 3.047019e+10
6082 6.082500 3.043110e+10
6083 6.083500 3.039205e+10
6084 6.084500 3.035305e+10
6085 6.085500 3.031409e+10
6086 6.086500 3.027518e+10
6087 6.087500 3.023631e+10
6088 6.088500 3.019749e+10
6089 6.089500 3.015871e+10
6090 6.090500 3.011998e+10
6091 6.091500 3.008129e+10
6092 6.092500 3.004264e+10
6093 6.093500 3.000404e+10
6094 6.094500 2.996548e+10
6095 6.095500 2.992697e+10
6096 6.096500 2.988850e+10
6097 6.097500 2.985008e+10
6098 6.098500 2.981170e+10
6099 6.099500 2.977336e+10
6100 6.100500 2.973507e+10
6101 6.101500 2.969682e+10
6102 6.102500 2.965862e+10
6103 6.103500 2.962046e+10
6104 6.104500 2.958235e+10
6105 6.105500 2.954427e+10
6106 6.106500 2.950625e+10
6107 6.107500 2.946826e+10
6108 6.108500 2.943032e+10
6109 6.109500 2.939243e+10
6110 6.110500 2.935457e+10
6111 6.111500 2.931676e+10
6112 6.112500 2.927900e+10
6113 6.113500 2.924128e+10
6114 6.114500 2.920360e+10
6115 6.115500 2.916596e+10
6116 6.116500 2.912837e+10
6117 6.117500 2.909082e+10
6118 6.118500 2.905332e+10
6119 6.119500 2.901586e+10
6120 6.120500 2.897844e+10
6121 6.121500 2.894106e+10
6122 6.122500 2.890373e+10
6123 6.123500 2.886644e+10
6124 6.124500 2.882920e+10
6125 6.125500 2.879200e+10
6126 6.126500 2.875484e+10
6127 6.127500 2.871772e+10
6128 6.128500 2.868064e+10
6129 6.129500 2.864361e+10
6130 6.130500 2.860663e+10
6131 6.131500 2.856968e+10
6132 6.132500 2.853278e+10
6133 6.133500 2.849592e+10
6134 6.134500 2.845910e+10
6135 6.135500 2.842233e+10
6136 6.136500 2.838559e+10
6137 6.137500 2.834890e+10
6138 6.138500 2.831226e+10
6139 6.139500 2.827565e+10
6140 6.140500 2.823909e+10
6141 6.141500 2.820257e+10
6142 6.142500 2.816609e+10
6143 6.143500 2.812966e+10
6144 6.144500 2.809326e+10
6145 6.145500 2.805691e+10
6146 6.146500 2.802060e+10
6147 6.147500 2.798434e+10
6148 6.148500 2.794811e+10
6149 6.149500 2.791193e+10
6150 6.150500 2.787579e+10
6151 6.151500 2.783969e+10
6152 6.152500 2.780363e+10
6153 6.153500 2.776762e+10
6154 6.154500 2.773165e+10
6155 6.155500 2.769571e+10
6156 6.156500 2.765982e+10
6157 6.157500 2.762398e+10
6158 6.158500 2.758817e+10
6159 6.159500 2.755241e+10
6160 6.160500 2.751668e+10
6161 6.161500 2.748100e+10
6162 6.162500 2.744536e+10
6163 6.163500 2.740976e+10
6164 6.164500 2.737421e+10
6165 6.165500 2.733869e+10
6166 6.166500 2.730321e+10
6167 6.167500 2.726778e+10
6168 6.168500 2.723239e+10
6169 6.169500 2.719704e+10
6170 6.170500 2.716173e+10
6171 6.171500 2.712646e+10
6172 6.172500 2.709123e+10
6173 6.173500 2.705605e+10
6174 6.174500 2.702090e+10
6175 6.175500 2.698580e+10
6176 6.176500 2.695073e+10
6177 6.177500 2.691571e+10
6178 6.178500 2.688073e+10
6179 6.179500 2.684579e+10
6180 6.180500 2.681089e+10
6181 6.181500 2.677603e+10
6182 6.182500 2.674121e+10
6183 6.183500 2.670643e+10
6184 6.184500 2.667169e+10
6185 6.185500 2.663699e+10
6186 6.186500 2.660234e+10
6187 6.187500 2.656772e+10
6188 6.188500 2.653315e+10
6189 6.189500 2.649861e+10
6190 6.190500 2.646411e+10
6191 6.191500 2.642966e+10
6192 6.192500 2.639524e+10
6193 6.193500 2.636087e+10
6194 6.194500 2.632654e+10
6195 6.195500 2.629224e+10
6196 6.196500 2.625799e+10
6197 6.197500 2.622377e+10
6198 6.198500 2.618960e+10
6199 6.199500 2.615547e+10
6200 6.200500 2.612137e+10
6201 6.201500 2.608732e+10
6202 6.202500 2.605330e+10
6203 6.203500 2.601933e+10
6204 6.204500 2.598539e+10
6205 6.205500 2.595150e+10
6206 6.206500 2.591764e+10
6207 6.207500 2.588383e+10
6208 6.208500 2.585005e+10
6209 6.209500 2.581632e+10
6210 6.210500 2.578262e+10
6211 6.211500 2.574896e+10
6212 6.212500 2.571534e+10
6213 6.213500 2.568177e+10
6214 6.214500 2.564823e+10
6215 6.215500 2.561473e+10
6216 6.216500 2.558127e+10
6217 6.217500 2.554785e+10
6218 6.218500 2.551446e+10
6219 6.219500 2.548112e+10
6220 6.220500 2.544782e+10
6221 6.221500 2.541455e+10
6222 6.222500 2.538133e+10
6223 6.223500 2.534814e+10
6224 6.224500 2.531499e+10
6225 6.225500 2.528188e+10
6226 6.226500 2.524881e+10
6227 6.227500 2.521578e+10
6228 6.228500 2.518279e+10
6229 6.229500 2.514984e+10
6230 6.230500 2.511692e+10
6231 6.231500 2.508405e+10
6232 6.232500 2.505121e+10
6233 6.233500 2.501841e+10
6234 6.234500 2.498565e+10
6235 6.235500 2.495293e+10
6236 6.236500 2.492025e+10
6237 6.237500 2.488760e+10
6238 6.238500 2.485500e+10
6239 6.239500 2.482243e+10
6240 6.240500 2.478990e+10
6241 6.241500 2.475741e+10
6242 6.242500 2.472496e+10
6243 6.243500 2.469254e+10
6244 6.244500 2.466017e+10
6245 6.245500 2.462783e+10
6246 6.246500 2.459553e+10
6247 6.247500 2.456327e+10
6248 6.248500 2.453105e+10
6249 6.249500 2.449886e+10
6250 6.250500 2.446671e+10
6251 6.251500 2.443460e+10
6252 6.252500 2.440253e+10
6253 6.253500 2.437050e+10
6254 6.254500 2.433850e+10
6255 6.255500 2.430654e+10
6256 6.256500 2.427462e+10
6257 6.257500 2.424274e+10
6258 6.258500 2.421089e+10
6259 6.259500 2.417909e+10
6260 6.260500 2.414732e+10
6261 6.261500 2.411558e+10
6262 6.262500 2.408389e+10
6263 6.263500 2.405223e+10
6264 6.264500 2.402061e+10
6265 6.265500 2.398903e+10
6266 6.266500 2.395748e+10
6267 6.267500 2.392597e+10
6268 6.268500 2.389450e+10
6269 6.269500 2.386307e+10
6270 6.270500 2.383167e+10
6271 6.271500 2.380031e+10
6272 6.272500 2.376899e+10
6273 6.273500 2.373771e+10
6274 6.274500 2.370646e+10
6275 6.275500 2.367525e+10
6276 6.276500 2.364407e+10
6277 6.277500 2.361294e+10
6278 6.278500 2.358184e+10
6279 6.279500 2.355077e+10
6280 6.280500 2.351975e+10
6281 6.281500 2.348876e+10
6282 6.282500 2.345780e+10
6283 6.283500 2.342689e+10
6284 6.284500 2.339601e+10
6285 6.285500 2.336517e+10
6286 6.286500 2.333436e+10
6287 6.287500 2.330359e+10
6288 6.288500 2.327286e+10
6289 6.289500 2.324216e+10
6290 6.290500 2.321150e+10
6291 6.291500 2.318088e+10
6292 6.292500 2.315029e+10
6293 6.293500 2.311974e+10
6294 6.294500 2.308922e+10
6295 6.295500 2.305875e+10
6296 6.296500 2.302830e+10
6297 6.297500 2.299790e+10
6298 6.298500 2.296753e+10
6299 6.299500 2.293719e+10
6300 6.300500 2.290690e+10
6301 6.301500 2.287663e+10
6302 6.302500 2.284641e+10
6303 6.303500 2.281622e+10
6304 6.304500 2.278606e+10
6305 6.305500 2.275595e+10
6306 6.306500 2.272586e+10
6307 6.307500 2.269582e+10
6308 6.308500 2.266581e+10
6309 6.309500 2.263583e+10
6310 6.310500 2.260589e+10
6311 6.311500 2.257599e+10
6312 6.312500 2.254612e+10
6313 6.313500 2.251629e+10
6314 6.314500 2.248649e+10
6315 6.315500 2.245673e+10
6316 6.316500 2.242701e+10
6317 6.317500 2.239732e+10
6318 6.318500 2.236766e+10
6319 6.319500 2.233804e+10
6320 6.320500 2.230846e+10
6321 6.321500 2.227891e+10
6322 6.322500 2.224940e+10
6323 6.323500 2.221992e+10
6324 6.324500 2.219048e+10
6325 6.325500 2.216107e+10
6326 6.326500 2.213170e+10
6327 6.327500 2.210236e+10
6328 6.328500 2.207306e+10
6329 6.329500 2.204379e+10
6330 6.330500 2.201456e+10
6331 6.331500 2.198536e+10
6332 6.332500 2.195620e+10
6333 6.333500 2.192707e+10
6334 6.334500 2.189798e+10
6335 6.335500 2.186892e+10
6336 6.336500 2.183990e+10
6337 6.337500 2.181091e+10
6338 6.338500 2.178195e+10
6339 6.339500 2.175303e+10
6340 6.340500 2.172415e+10
6341 6.341500 2.169530e+10
6342 6.342500 2.166648e+10
6343 6.343500 2.163770e+10
6344 6.344500 2.160896e+10
6345 6.345500 2.158024e+10
6346 6.346500 2.155157e+10
6347 6.347500 2.152292e+10
6348 6.348500 2.149431e+10
6349 6.349500 2.146574e+10
6350 6.350500 2.143720e+10
6351 6.351500 2.140869e+10
6352 6.352500 2.138022e+10
6353 6.353500 2.135178e+10
6354 6.354500 2.132338e+10
6355 6.355500 2.129501e+10
6356 6.356500 2.126667e+10
6357 6.357500 2.123837e+10
6358 6.358500 2.121011e+10
6359 6.359500 2.118187e+10
6360 6.360500 2.115367e+10
6361 6.361500 2.112551e+10
6362 6.362500 2.109737e+10
6363 6.363500 2.106928e+10
6364 6.364500 2.104121e+10
6365 6.365500 2.101318e+10
6366 6.366500 2.098518e+10
6367 6.367500 2.095722e+10
6368 6.368500 2.092929e+10
6369 6.369500 2.090139e+10
6370 6.370500 2.087353e+10
6371 6.371500 2.084570e+10
6372 6.372500 2.081791e+10
6373 6.373500 2.079015e+10
6374 6.374500 2.076242e+10
6375 6.375500 2.073472e+10
6376 6.376500 2.070706e+10
6377 6.377500 2.067943e+10
6378 6.378500 2.065184e+10
6379 6.379500 2.062427e+10
6380 6.380500 2.059674e+10
6381 6.381500 2.056925e+10
6382 6.382500 2.054179e+10
6383 6.383500 2.051436e+10
6384 6.384500 2.048696e+10
6385 6.385500 2.045960e+10
6386 6.386500 2.043227e+10
6387 6.387500 2.040497e+10
6388 6.388500 2.037770e+10
6389 6.389500 2.035047e+10
6390 6.390500 2.032327e+10
6391 6.391500 2.029611e+10
6392 6.392500 2.026897e+10
6393 6.393500 2.024187e+10
6394 6.394500 2.021481e+10
6395 6.395500 2.018777e+10
6396 6.396500 2.016077e+10
6397 6.397500 2.013380e+10
6398 6.398500 2.010686e+10
6399 6.399500 2.007996e+10
6400 6.400500 2.005309e+10
6401 6.401500 2.002625e+10
6402 6.402500 1.999944e+10
6403 6.403500 1.997267e+10
6404 6.404500 1.994592e+10
6405 6.405500 1.991921e+10
6406 6.406500 1.989254e+10
6407 6.407500 1.986589e+10
6408 6.408500 1.983928e+10
6409 6.409500 1.981270e+10
6410 6.410500 1.978615e+10
6411 6.411500 1.975963e+10
6412 6.412500 1.973315e+10
6413 6.413500 1.970669e+10
6414 6.414500 1.968027e+10
6415 6.415500 1.965389e+10
6416 6.416500 1.962753e+10
6417 6.417500 1.960121e+10
6418 6.418500 1.957491e+10
6419 6.419500 1.954865e+10
6420 6.420500 1.952242e+10
6421 6.421500 1.949623e+10
6422 6.422500 1.947006e+10
6423 6.423500 1.944393e+10
6424 6.424500 1.941783e+10
6425 6.425500 1.939176e+10
6426 6.426500 1.936572e+10
6427 6.427500 1.933971e+10
6428 6.428500 1.931374e+10
6429 6.429500 1.928779e+10
6430 6.430500 1.926188e+10
6431 6.431500 1.923600e+10
6432 6.432500 1.921015e+10
6433 6.433500 1.918433e+10
6434 6.434500 1.915855e+10
6435 6.435500 1.913279e+10
6436 6.436500 1.910707e+10
6437 6.437500 1.908137e+10
6438 6.438500 1.905571e+10
6439 6.439500 1.903008e+10
6440 6.440500 1.900448e+10
6441 6.441500 1.897892e+10
6442 6.442500 1.895338e+10
6443 6.443500 1.892787e+10
6444 6.444500 1.890240e+10
6445 6.445500 1.887696e+10
6446 6.446500 1.885154e+10
6447 6.447500 1.882616e+10
6448 6.448500 1.880081e+10
6449 6.449500 1.877549e+10
6450 6.450500 1.875020e+10
6451 6.451500 1.872494e+10
6452 6.452500 1.869972e+10
6453 6.453500 1.867452e+10
6454 6.454500 1.864936e+10
6455 6.455500 1.862422e+10
6456 6.456500 1.859912e+10
6457 6.457500 1.857404e+10
6458 6.458500 1.854900e+10
6459 6.459500 1.852399e+10
6460 6.460500 1.849900e+10
6461 6.461500 1.847405e+10
6462 6.462500 1.844913e+10
6463 6.463500 1.842424e+10
6464 6.464500 1.839938e+10
6465 6.465500 1.837455e+10
6466 6.466500 1.834975e+10
6467 6.467500 1.832498e+10
6468 6.468500 1.830024e+10
6469 6.469500 1.827553e+10
6470 6.470500 1.825085e+10
6471 6.471500 1.822620e+10
6472 6.472500 1.820159e+10
6473 6.473500 1.817700e+10
6474 6.474500 1.815244e+10
6475 6.475500 1.812791e+10
6476 6.476500 1.810341e+10
6477 6.477500 1.807894e+10
6478 6.478500 1.805451e+10
6479 6.479500 1.803010e+10
6480 6.480500 1.800572e+10
6481 6.481500 1.798137e+10
6482 6.482500 1.795705e+10
6483 6.483500 1.793276e+10
6484 6.484500 1.790850e+10
6485 6.485500 1.788427e+10
6486 6.486500 1.786007e+10
6487 6.487500 1.783590e+10
6488 6.488500 1.781176e+10
6489 6.489500 1.778765e+10
6490 6.490500 1.776357e+10
6491 6.491500 1.773952e+10
6492 6.492500 1.771549e+10
6493 6.493500 1.769150e+10
6494 6.494500 1.766754e+10
6495 6.495500 1.764360e+10
6496 6.496500 1.761970e+10
6497 6.497500 1.759582e+10
6498 6.498500 1.757198e+10
6499 6.499500 1.754816e+10
6500 6.500500 1.752437e+10
6501 6.501500 1.750061e+10
6502 6.502500 1.747688e+10
6503 6.503500 1.745318e+10
6504 6.504500 1.742951e+10
6505 6.505500 1.740587e+10
6506 6.506500 1.738226e+10
6507 6.507500 1.735868e+10
6508 6.508500 1.733512e+10
6509 6.509500 1.731159e+10
6510 6.510500 1.728810e+10
6511 6.511500 1.726463e+10
6512 6.512500 1.724119e+10
6513 6.513500 1.721778e+10
6514 6.514500 1.719440e+10
6515 6.515500 1.717105e+10
6516 6.516500 1.714772e+10
6517 6.517500 1.712443e+10
6518 6.518500 1.710116e+10
6519 6.519500 1.707792e+10
6520 6.520500 1.705471e+10
6521 6.521500 1.703153e+10
6522 6.522500 1.700838e+10
6523 6.523500 1.698526e+10
6524 6.524500 1.696216e+10
6525 6.525500 1.693909e+10
6526 6.526500 1.691606e+10
6527 6.527500 1.689305e+10
6528 6.528500 1.687007e+10
6529 6.529500 1.684711e+10
6530 6.530500 1.682419e+10
6531 6.531500 1.680129e+10
6532 6.532500 1.677842e+10
6533 6.533500 1.675558e+10
6534 6.534500 1.673277e+10
6535 6.535500 1.670999e+10
6536 6.536500 1.668723e+10
6537 6.537500 1.666450e+10
6538 6.538500 1.664181e+10
6539 6.539500 1.661913e+10
6540 6.540500 1.659649e+10
6541 6.541500 1.657388e+10
6542 6.542500 1.655129e+10
6543 6.543500 1.652873e+10
6544 6.544500 1.650620e+10
6545 6.545500 1.648369e+10
6546 6.546500 1.646122e+10
6547 6.547500 1.643877e+10
6548 6.548500 1.641635e+10
6549 6.549500 1.639396e+10
6550 6.550500 1.637159e+10
6551 6.551500 1.634926e+10
6552 6.552500 1.632695e+10
6553 6.553500 1.630466e+10
6554 6.554500 1.628241e+10
6555 6.555500 1.626018e+10
6556 6.556500 1.623798e+10
6557 6.557500 1.621581e+10
6558 6.558500 1.619367e+10
6559 6.559500 1.617155e+10
6560 6.560500 1.614946e+10
6561 6.561500 1.612740e+10
6562 6.562500 1.610537e+10
6563 6.563500 1.608336e+10
6564 6.564500 1.606138e+10
6565 6.565500 1.603943e+10
6566 6.566500 1.601750e+10
6567 6.567500 1.599560e+10
6568 6.568500 1.597373e+10
6569 6.569500 1.595189e+10
6570 6.570500 1.593007e+10
6571 6.571500 1.590828e+10
6572 6.572500 1.588652e+10
6573 6.573500 1.586478e+10
6574 6.574500 1.584307e+10
6575 6.575500 1.582139e+10
6576 6.576500 1.579974e+10
6577 6.577500 1.577811e+10
6578 6.578500 1.575651e+10
6579 6.579500 1.573494e+10
6580 6.580500 1.571339e+10
6581 6.581500 1.569187e+10
6582 6.582500 1.567037e+10
6583 6.583500 1.564891e+10
6584 6.584500 1.562747e+10
6585 6.585500 1.560605e+10
6586 6.586500 1.558467e+10
6587 6.587500 1.556331e+10
6588 6.588500 1.554197e+10
6589 6.589500 1.552066e+10
6590 6.590500 1.549938e+10
6591 6.591500 1.547813e+10
6592 6.592500 1.545690e+10
6593 6.593500 1.543570e+10
6594 6.594500 1.541453e+10
6595 6.595500 1.539338e+10
6596 6.596500 1.537226e+10
6597 6.597500 1.535116e+10
6598 6.598500 1.533009e+10
6599 6.599500 1.530905e+10
6600 6.600500 1.528803e+10
6601 6.601500 1.526704e+10
6602 6.602500 1.524608e+10
6603 6.603500 1.522514e+10
6604 6.604500 1.520422e+10
6605 6.605500 1.518334e+10
6606 6.606500 1.516248e+10
6607 6.607500 1.514164e+10
6608 6.608500 1.512084e+10
6609 6.609500 1.510005e+10
6610 6.610500 1.507930e+10
6611 6.611500 1.505857e+10
6612 6.612500 1.503786e+10
6613 6.613500 1.501719e+10
6614 6.614500 1.499653e+10
6615 6.615500 1.497591e+10
6616 6.616500 1.495531e+10
6617 6.617500 1.493473e+10
6618 6.618500 1.491418e+10
6619 6.619500 1.489366e+10
6620 6.620500 1.487316e+10
6621 6.621500 1.485269e+10
6622 6.622500 1.483224e+10
6623 6.623500 1.481182e+10
6624 6.624500 1.479142e+10
6625 6.625500 1.477105e+10
6626 6.626500 1.475071e+10
6627 6.627500 1.473039e+10
6628 6.628500 1.471010e+10
6629 6.629500 1.468983e+10
6630 6.630500 1.466958e+10
6631 6.631500 1.464937e+10
6632 6.632500 1.462918e+10
6633 6.633500 1.460901e+10
6634 6.634500 1.458887e+10
6635 6.635500 1.456875e+10
6636 6.636500 1.454866e+10
6637 6.637500 1.452859e+10
6638 6.638500 1.450855e+10
6639 6.639500 1.448854e+10
6640 6.640500 1.446855e+10
6641 6.641500 1.444858e+10
6642 6.642500 1.442864e+10
6643 6.643500 1.440873e+10
6644 6.644500 1.438884e+10
6645 6.645500 1.436897e+10
6646 6.646500 1.434913e+10
6647 6.647500 1.432931e+10
6648 6.648500 1.430952e+10
6649 6.649500 1.428976e+10
6650 6.650500 1.427002e+10
6651 6.651500 1.425030e+10
6652 6.652500 1.423061e+10
6653 6.653500 1.421094e+10
6654 6.654500 1.419130e+10
6655 6.655500 1.417168e+10
6656 6.656500 1.415209e+10
6657 6.657500 1.413252e+10
6658 6.658500 1.411298e+10
6659 6.659500 1.409346e+10
6660 6.660500 1.407397e+10
6661 6.661500 1.405450e+10
6662 6.662500 1.403505e+10
6663 6.663500 1.401563e+10
6664 6.664500 1.399624e+10
6665 6.665500 1.397687e+10
6666 6.666500 1.395752e+10
6667 6.667500 1.393820e+10
6668 6.668500 1.391890e+10
6669 6.669500 1.389962e+10
6670 6.670500 1.388037e+10
6671 6.671500 1.386115e+10
6672 6.672500 1.384195e+10
6673 6.673500 1.382277e+10
6674 6.674500 1.380362e+10
6675 6.675500 1.378449e+10
6676 6.676500 1.376538e+10
6677 6.677500 1.374630e+10
6678 6.678500 1.372725e+10
6679 6.679500 1.370821e+10
6680 6.680500 1.368921e+10
6681 6.681500 1.367022e+10
6682 6.682500 1.365126e+10
6683 6.683500 1.363233e+10
6684 6.684500 1.361341e+10
6685 6.685500 1.359452e+10
6686 6.686500 1.357566e+10
6687 6.687500 1.355682e+10
6688 6.688500 1.353800e+10
6689 6.689500 1.351921e+10
6690 6.690500 1.350044e+10
6691 6.691500 1.348169e+10
6692 6.692500 1.346297e+10
6693 6.693500 1.344427e+10
6694 6.694500 1.342560e+10
6695 6.695500 1.340695e+10
6696 6.696500 1.338832e+10
6697 6.697500 1.336971e+10
6698 6.698500 1.335113e+10
6699 6.699500 1.333258e+10
6700 6.700500 1.331404e+10
6701 6.701500 1.329553e+10
6702 6.702500 1.327705e+10
6703 6.703500 1.325858e+10
6704 6.704500 1.324014e+10
6705 6.705500 1.322173e+10
6706 6.706500 1.320334e+10
6707 6.707500 1.318497e+10
6708 6.708500 1.316662e+10
6709 6.709500 1.314830e+10
6710 6.710500 1.313000e+10
6711 6.711500 1.311172e+10
6712 6.712500 1.309347e+10
6713 6.713500 1.307524e+10
6714 6.714500 1.305703e+10
6715 6.715500 1.303884e+10
6716 6.716500 1.302068e+10
6717 6.717500 1.300255e+10
6718 6.718500 1.298443e+10
6719 6.719500 1.296634e+10
6720 6.720500 1.294827e+10
6721 6.721500 1.293022e+10
6722 6.722500 1.291220e+10
6723 6.723500 1.289420e+10
6724 6.724500 1.287622e+10
6725 6.725500 1.285827e+10
6726 6.726500 1.284034e+10
6727 6.727500 1.282243e+10
6728 6.728500 1.280454e+10
6729 6.729500 1.278668e+10
6730 6.730500 1.276884e+10
6731 6.731500 1.275102e+10
6732 6.732500 1.273323e+10
6733 6.733500 1.271545e+10
6734 6.734500 1.269770e+10
6735 6.735500 1.267998e+10
6736 6.736500 1.266227e+10
6737 6.737500 1.264459e+10
6738 6.738500 1.262693e+10
6739 6.739500 1.260929e+10
6740 6.740500 1.259168e+10
6741 6.741500 1.257408e+10
6742 6.742500 1.255651e+10
6743 6.743500 1.253897e+10
6744 6.744500 1.252144e+10
6745 6.745500 1.250394e+10
6746 6.746500 1.248646e+10
6747 6.747500 1.246900e+10
6748 6.748500 1.245156e+10
6749 6.749500 1.243415e+10
6750 6.750500 1.241676e+10
6751 6.751500 1.239939e+10
6752 6.752500 1.238204e+10
6753 6.753500 1.236472e+10
6754 6.754500 1.234741e+10
6755 6.755500 1.233013e+10
6756 6.756500 1.231287e+10
6757 6.757500 1.229564e+10
6758 6.758500 1.227842e+10
6759 6.759500 1.226123e+10
6760 6.760500 1.224406e+10
6761 6.761500 1.222691e+10
6762 6.762500 1.220978e+10
6763 6.763500 1.219268e+10
6764 6.764500 1.217560e+10
6765 6.765500 1.215853e+10
6766 6.766500 1.214149e+10
6767 6.767500 1.212448e+10
6768 6.768500 1.210748e+10
6769 6.769500 1.209051e+10
6770 6.770500 1.207355e+10
6771 6.771500 1.205662e+10
6772 6.772500 1.203971e+10
6773 6.773500 1.202283e+10
6774 6.774500 1.200596e+10
6775 6.775500 1.198912e+10
6776 6.776500 1.197229e+10
6777 6.777500 1.195549e+10
6778 6.778500 1.193871e+10
6779 6.779500 1.192196e+10
6780 6.780500 1.190522e+10
6781 6.781500 1.188850e+10
6782 6.782500 1.187181e+10
6783 6.783500 1.185514e+10
6784 6.784500 1.183849e+10
6785 6.785500 1.182186e+10
6786 6.786500 1.180525e+10
6787 6.787500 1.178866e+10
6788 6.788500 1.177210e+10
6789 6.789500 1.175555e+10
6790 6.790500 1.173903e+10
6791 6.791500 1.172253e+10
6792 6.792500 1.170605e+10
6793 6.793500 1.168959e+10
6794 6.794500 1.167315e+10
6795 6.795500 1.165673e+10
6796 6.796500 1.164033e+10
6797 6.797500 1.162396e+10
6798 6.798500 1.160760e+10
6799 6.799500 1.159127e+10
6800 6.800500 1.157496e+10
6801 6.801500 1.155867e+10
6802 6.802500 1.154240e+10
6803 6.803500 1.152615e+10
6804 6.804500 1.150992e+10
6805 6.805500 1.149371e+10
6806 6.806500 1.147752e+10
6807 6.807500 1.146136e+10
6808 6.808500 1.144521e+10
6809 6.809500 1.142909e+10
6810 6.810500 1.141298e+10
6811 6.811500 1.139690e+10
6812 6.812500 1.138084e+10
6813 6.813500 1.136480e+10
6814 6.814500 1.134878e+10
6815 6.815500 1.133278e+10
6816 6.816500 1.131680e+10
6817 6.817500 1.130084e+10
6818 6.818500 1.128490e+10
6819 6.819500 1.126898e+10
6820 6.820500 1.125308e+10
6821 6.821500 1.123721e+10
6822 6.822500 1.122135e+10
6823 6.823500 1.120551e+10
6824 6.824500 1.118970e+10
6825 6.825500 1.117390e+10
6826 6.826500 1.115813e+10
6827 6.827500 1.114237e+10
6828 6.828500 1.112664e+10
6829 6.829500 1.111093e+10
6830 6.830500 1.109523e+10
6831 6.831500 1.107956e+10
6832 6.832500 1.106391e+10
6833 6.833500 1.104827e+10
6834 6.834500 1.103266e+10
6835 6.835500 1.101707e+10
6836 6.836500 1.100150e+10
6837 6.837500 1.098594e+10
6838 6.838500 1.097041e+10
6839 6.839500 1.095490e+10
6840 6.840500 1.093941e+10
6841 6.841500 1.092394e+10
6842 6.842500 1.090848e+10
6843 6.843500 1.089305e+10
6844 6.844500 1.087764e+10
6845 6.845500 1.086225e+10
6846 6.846500 1.084688e+10
6847 6.847500 1.083152e+10
6848 6.848500 1.081619e+10
6849 6.849500 1.080088e+10
6850 6.850500 1.078559e+10
6851 6.851500 1.077031e+10
6852 6.852500 1.075506e+10
6853 6.853500 1.073983e+10
6854 6.854500 1.072461e+10
6855 6.855500 1.070942e+10
6856 6.856500 1.069425e+10
6857 6.857500 1.067909e+10
6858 6.858500 1.066396e+10
6859 6.859500 1.064884e+10
6860 6.860500 1.063374e+10
6861 6.861500 1.061867e+10
6862 6.862500 1.060361e+10
6863 6.863500 1.058858e+10
6864 6.864500 1.057356e+10
6865 6.865500 1.055856e+10
6866 6.866500 1.054358e+10
6867 6.867500 1.052862e+10
6868 6.868500 1.051368e+10
6869 6.869500 1.049876e+10
6870 6.870500 1.048386e+10
6871 6.871500 1.046898e+10
6872 6.872500 1.045412e+10
6873 6.873500 1.043927e+10
6874 6.874500 1.042445e+10
6875 6.875500 1.040965e+10
6876 6.876500 1.039486e+10
6877 6.877500 1.038009e+10
6878 6.878500 1.036535e+10
6879 6.879500 1.035062e+10
6880 6.880500 1.033591e+10
6881 6.881500 1.032122e+10
6882 6.882500 1.030655e+10
6883 6.883500 1.029190e+10
6884 6.884500 1.027727e+10
6885 6.885500 1.026266e+10
6886 6.886500 1.024806e+10
6887 6.887500 1.023349e+10
6888 6.888500 1.021893e+10
6889 6.889500 1.020439e+10
6890 6.890500 1.018987e+10
6891 6.891500 1.017538e+10
6892 6.892500 1.016090e+10
6893 6.893500 1.014643e+10
6894 6.894500 1.013199e+10
6895 6.895500 1.011757e+10
6896 6.896500 1.010316e+10
6897 6.897500 1.008878e+10
6898 6.898500 1.007441e+10
6899 6.899500 1.006006e+10
6900 6.900500 1.004573e+10
6901 6.901500 1.003142e+10
6902 6.902500 1.001713e+10
6903 6.903500 1.000285e+10
6904 6.904500 9.988596e+09
6905 6.905500 9.974359e+09
6906 6.906500 9.960141e+09
6907 6.907500 9.945941e+09
6908 6.908500 9.931760e+09
6909 6.909500 9.917597e+09
6910 6.910500 9.903453e+09
6911 6.911500 9.889327e+09
6912 6.912500 9.875220e+09
6913 6.913500 9.861131e+09
6914 6.914500 9.847061e+09
6915 6.915500 9.833009e+09
6916 6.916500 9.818975e+09
6917 6.917500 9.804960e+09
6918 6.918500 9.790963e+09
6919 6.919500 9.776984e+09
6920 6.920500 9.763024e+09
6921 6.921500 9.749082e+09
6922 6.922500 9.735158e+09
6923 6.923500 9.721252e+09
6924 6.924500 9.707365e+09
6925 6.925500 9.693495e+09
6926 6.926500 9.679644e+09
6927 6.927500 9.665811e+09
6928 6.928500 9.651996e+09
6929 6.929500 9.638199e+09
6930 6.930500 9.624421e+09
6931 6.931500 9.610660e+09
6932 6.932500 9.596917e+09
6933 6.933500 9.583193e+09
6934 6.934500 9.569486e+09
6935 6.935500 9.555797e+09
6936 6.936500 9.542126e+09
6937 6.937500 9.528474e+09
6938 6.938500 9.514839e+09
6939 6.939500 9.501222e+09
6940 6.940500 9.487622e+09
6941 6.941500 9.474041e+09
6942 6.942500 9.460478e+09
6943 6.943500 9.446932e+09
6944 6.944500 9.433404e+09
6945 6.945500 9.419894e+09
6946 6.946500 9.406401e+09
6947 6.947500 9.392926e+09
6948 6.948500 9.379469e+09
6949 6.949500 9.366030e+09
6950 6.950500 9.352608e+09
6951 6.951500 9.339204e+09
6952 6.952500 9.325818e+09
6953 6.953500 9.312449e+09
6954 6.954500 9.299097e+09
6955 6.955500 9.285764e+09
6956 6.956500 9.272447e+09
6957 6.957500 9.259149e+09
6958 6.958500 9.245867e+09
6959 6.959500 9.232604e+09
6960 6.960500 9.219357e+09
6961 6.961500 9.206128e+09
6962 6.962500 9.192917e+09
6963 6.963500 9.179723e+09
6964 6.964500 9.166546e+09
6965 6.965500 9.153387e+09
6966 6.966500 9.140244e+09
6967 6.967500 9.127120e+09
6968 6.968500 9.114012e+09
6969 6.969500 9.100922e+09
6970 6.970500 9.087849e+09
6971 6.971500 9.074793e+09
6972 6.972500 9.061755e+09
6973 6.973500 9.048733e+09
6974 6.974500 9.035729e+09
6975 6.975500 9.022742e+09
6976 6.976500 9.009772e+09
6977 6.977500 8.996819e+09
6978 6.978500 8.983883e+09
6979 6.979500 8.970965e+09
6980 6.980500 8.958063e+09
6981 6.981500 8.945178e+09
6982 6.982500 8.932311e+09
6983 6.983500 8.919460e+09
6984 6.984500 8.906626e+09
6985 6.985500 8.893809e+09
6986 6.986500 8.881010e+09
6987 6.987500 8.868227e+09
6988 6.988500 8.855461e+09
6989 6.989500 8.842711e+09
6990 6.990500 8.829979e+09
6991 6.991500 8.817263e+09
6992 6.992500 8.804565e+09
6993 6.993500 8.791883e+09
6994 6.994500 8.779218e+09
6995 6.995500 8.766569e+09
6996 6.996500 8.753937e+09
6997 6.997500 8.741322e+09
6998 6.998500 8.728724e+09
6999 6.999500 8.716142e+09
7000 7.000500 8.703577e+09
7001 7.001500 8.691029e+09
7002 7.002500 8.678497e+09
7003 7.003500 8.665982e+09
7004 7.004500 8.653483e+09
7005 7.005500 8.641001e+09
7006 7.006500 8.628536e+09
7007 7.007500 8.616086e+09
7008 7.008500 8.603654e+09
7009 7.009500 8.591238e+09
7010 7.010500 8.578838e+09
7011 7.011500 8.566455e+09
7012 7.012500 8.554088e+09
7013 7.013500 8.541738e+09
7014 7.014500 8.529403e+09
7015 7.015500 8.517086e+09
7016 7.016500 8.504784e+09
7017 7.017500 8.492499e+09
7018 7.018500 8.480231e+09
7019 7.019500 8.467978e+09
7020 7.020500 8.455742e+09
7021 7.021500 8.443522e+09
7022 7.022500 8.431318e+09
7023 7.023500 8.419130e+09
7024 7.024500 8.406959e+09
7025 7.025500 8.394804e+09
7026 7.026500 8.382665e+09
7027 7.027500 8.370542e+09
7028 7.028500 8.358435e+09
7029 7.029500 8.346344e+09
7030 7.030500 8.334269e+09
7031 7.031500 8.322210e+09
7032 7.032500 8.310168e+09
7033 7.033500 8.298141e+09
7034 7.034500 8.286130e+09
7035 7.035500 8.274136e+09
7036 7.036500 8.262157e+09
7037 7.037500 8.250194e+09
7038 7.038500 8.238247e+09
7039 7.039500 8.226316e+09
7040 7.040500 8.214401e+09
7041 7.041500 8.202501e+09
7042 7.042500 8.190618e+09
7043 7.043500 8.178750e+09
7044 7.044500 8.166898e+09
7045 7.045500 8.155062e+09
7046 7.046500 8.143242e+09
7047 7.047500 8.131437e+09
7048 7.048500 8.119648e+09
7049 7.049500 8.107875e+09
7050 7.050500 8.096118e+09
7051 7.051500 8.084376e+09
7052 7.052500 8.072650e+09
7053 7.053500 8.060939e+09
7054 7.054500 8.049244e+09
7055 7.055500 8.037565e+09
7056 7.056500 8.025901e+09
7057 7.057500 8.014253e+09
7058 7.058500 8.002620e+09
7059 7.059500 7.991003e+09
7060 7.060500 7.979402e+09
7061 7.061500 7.967815e+09
7062 7.062500 7.956245e+09
7063 7.063500 7.944689e+09
7064 7.064500 7.933150e+09
7065 7.065500 7.921625e+09
7066 7.066500 7.910116e+09
7067 7.067500 7.898622e+09
7068 7.068500 7.887144e+09
7069 7.069500 7.875681e+09
7070 7.070500 7.864233e+09
7071 7.071500 7.852801e+09
7072 7.072500 7.841384e+09
7073 7.073500 7.829982e+09
7074 7.074500 7.818596e+09
7075 7.075500 7.807224e+09
7076 7.076500 7.795868e+09
7077 7.077500 7.784527e+09
7078 7.078500 7.773201e+09
7079 7.079500 7.761890e+09
7080 7.080500 7.750595e+09
7081 7.081500 7.739315e+09
7082 7.082500 7.728049e+09
7083 7.083500 7.716799e+09
7084 7.084500 7.705564e+09
7085 7.085500 7.694344e+09
7086 7.086500 7.683139e+09
7087 7.087500 7.671948e+09
7088 7.088500 7.660773e+09
7089 7.089500 7.649613e+09
7090 7.090500 7.638468e+09
7091 7.091500 7.627338e+09
7092 7.092500 7.616222e+09
7093 7.093500 7.605122e+09
7094 7.094500 7.594036e+09
7095 7.095500 7.582966e+09
7096 7.096500 7.571910e+09
7097 7.097500 7.560869e+09
7098 7.098500 7.549842e+09
7099 7.099500 7.538831e+09
7100 7.100500 7.527834e+09
7101 7.101500 7.516852e+09
7102 7.102500 7.505885e+09
7103 7.103500 7.494933e+09
7104 7.104500 7.483995e+09
7105 7.105500 7.473072e+09
7106 7.106500 7.462164e+09
7107 7.107500 7.451270e+09
7108 7.108500 7.440391e+09
7109 7.109500 7.429526e+09
7110 7.110500 7.418676e+09
7111 7.111500 7.407841e+09
7112 7.112500 7.397020e+09
7113 7.113500 7.386214e+09
7114 7.114500 7.375422e+09
7115 7.115500 7.364645e+09
7116 7.116500 7.353882e+09
7117 7.117500 7.343134e+09
7118 7.118500 7.332400e+09
7119 7.119500 7.321681e+09
7120 7.120500 7.310976e+09
7121 7.121500 7.300286e+09
7122 7.122500 7.289610e+09
7123 7.123500 7.278948e+09
7124 7.124500 7.268300e+09
7125 7.125500 7.257667e+09
7126 7.126500 7.247049e+09
7127 7.127500 7.236444e+09
7128 7.128500 7.225854e+09
7129 7.129500 7.215278e+09
7130 7.130500 7.204716e+09
7131 7.131500 7.194169e+09
7132 7.132500 7.183636e+09
7133 7.133500 7.173117e+09
7134 7.134500 7.162612e+09
7135 7.135500 7.152121e+09
7136 7.136500 7.141645e+09
7137 7.137500 7.131182e+09
7138 7.138500 7.120734e+09
7139 7.139500 7.110300e+09
7140 7.140500 7.099880e+09
7141 7.141500 7.089474e+09
7142 7.142500 7.079082e+09
7143 7.143500 7.068704e+09
7144 7.144500 7.058340e+09
7145 7.145500 7.047990e+09
7146 7.146500 7.037654e+09
7147 7.147500 7.027332e+09
7148 7.148500 7.017024e+09
7149 7.149500 7.006730e+09
7150 7.150500 6.996449e+09
7151 7.151500 6.986183e+09
7152 7.152500 6.975930e+09
7153 7.153500 6.965692e+09
7154 7.154500 6.955467e+09
7155 7.155500 6.945256e+09
7156 7.156500 6.935059e+09
7157 7.157500 6.924875e+09
7158 7.158500 6.914706e+09
7159 7.159500 6.904550e+09
7160 7.160500 6.894408e+09
7161 7.161500 6.884279e+09
7162 7.162500 6.874165e+09
7163 7.163500 6.864064e+09
7164 7.164500 6.853976e+09
7165 7.165500 6.843903e+09
7166 7.166500 6.833843e+09
7167 7.167500 6.823796e+09
7168 7.168500 6.813763e+09
7169 7.169500 6.803744e+09
7170 7.170500 6.793739e+09
7171 7.171500 6.783747e+09
7172 7.172500 6.773768e+09
7173 7.173500 6.763803e+09
7174 7.174500 6.753851e+09
7175 7.175500 6.743913e+09
7176 7.176500 6.733989e+09
7177 7.177500 6.724078e+09
7178 7.178500 6.714180e+09
7179 7.179500 6.704296e+09
7180 7.180500 6.694425e+09
7181 7.181500 6.684568e+09
7182 7.182500 6.674724e+09
7183 7.183500 6.664893e+09
7184 7.184500 6.655076e+09
7185 7.185500 6.645272e+09
7186 7.186500 6.635481e+09
7187 7.187500 6.625703e+09
7188 7.188500 6.615939e+09
7189 7.189500 6.606188e+09
7190 7.190500 6.596451e+09
7191 7.191500 6.586726e+09
7192 7.192500 6.577015e+09
7193 7.193500 6.567317e+09
7194 7.194500 6.557632e+09
7195 7.195500 6.547961e+09
7196 7.196500 6.538302e+09
7197 7.197500 6.528657e+09
7198 7.198500 6.519025e+09
7199 7.199500 6.509406e+09
7200 7.200500 6.499800e+09
7201 7.201500 6.490207e+09
7202 7.202500 6.480627e+09
7203 7.203500 6.471060e+09
7204 7.204500 6.461506e+09
7205 7.205500 6.451965e+09
7206 7.206500 6.442437e+09
7207 7.207500 6.432922e+09
7208 7.208500 6.423420e+09
7209 7.209500 6.413931e+09
7210 7.210500 6.404455e+09
7211 7.211500 6.394992e+09
7212 7.212500 6.385542e+09
7213 7.213500 6.376104e+09
7214 7.214500 6.366680e+09
7215 7.215500 6.357268e+09
7216 7.216500 6.347869e+09
7217 7.217500 6.338483e+09
7218 7.218500 6.329110e+09
7219 7.219500 6.319750e+09
7220 7.220500 6.310402e+09
7221 7.221500 6.301067e+09
7222 7.222500 6.291745e+09
7223 7.223500 6.282435e+09
7224 7.224500 6.273138e+09
7225 7.225500 6.263854e+09
7226 7.226500 6.254583e+09
7227 7.227500 6.245324e+09
7228 7.228500 6.236078e+09
7229 7.229500 6.226845e+09
7230 7.230500 6.217624e+09
7231 7.231500 6.208416e+09
7232 7.232500 6.199220e+09
7233 7.233500 6.190037e+09
7234 7.234500 6.180866e+09
7235 7.235500 6.171708e+09
7236 7.236500 6.162563e+09
7237 7.237500 6.153430e+09
7238 7.238500 6.144309e+09
7239 7.239500 6.135201e+09
7240 7.240500 6.126105e+09
7241 7.241500 6.117022e+09
7242 7.242500 6.107951e+09
7243 7.243500 6.098893e+09
7244 7.244500 6.089847e+09
7245 7.245500 6.080814e+09
7246 7.246500 6.071792e+09
7247 7.247500 6.062784e+09
7248 7.248500 6.053787e+09
7249 7.249500 6.044803e+09
7250 7.250500 6.035831e+09
7251 7.251500 6.026872e+09
7252 7.252500 6.017924e+09
7253 7.253500 6.008989e+09
7254 7.254500 6.000066e+09
7255 7.255500 5.991156e+09
7256 7.256500 5.982258e+09
7257 7.257500 5.973371e+09
7258 7.258500 5.964497e+09
7259 7.259500 5.955636e+09
7260 7.260500 5.946786e+09
7261 7.261500 5.937948e+09
7262 7.262500 5.929123e+09
7263 7.263500 5.920310e+09
7264 7.264500 5.911509e+09
7265 7.265500 5.902719e+09
7266 7.266500 5.893942e+09
7267 7.267500 5.885177e+09
7268 7.268500 5.876424e+09
7269 7.269500 5.867684e+09
7270 7.270500 5.858955e+09
7271 7.271500 5.850238e+09
7272 7.272500 5.841533e+09
7273 7.273500 5.832840e+09
7274 7.274500 5.824159e+09
7275 7.275500 5.815490e+09
7276 7.276500 5.806832e+09
7277 7.277500 5.798187e+09
7278 7.278500 5.789554e+09
7279 7.279500 5.780932e+09
7280 7.280500 5.772322e+09
7281 7.281500 5.763724e+09
7282 7.282500 5.755138e+09
7283 7.283500 5.746564e+09
7284 7.284500 5.738002e+09
7285 7.285500 5.729451e+09
7286 7.286500 5.720912e+09
7287 7.287500 5.712385e+09
7288 7.288500 5.703870e+09
7289 7.289500 5.695366e+09
7290 7.290500 5.686874e+09
7291 7.291500 5.678394e+09
7292 7.292500 5.669925e+09
7293 7.293500 5.661468e+09
7294 7.294500 5.653023e+09
7295 7.295500 5.644589e+09
7296 7.296500 5.636167e+09
7297 7.297500 5.627757e+09
7298 7.298500 5.619358e+09
7299 7.299500 5.610971e+09
7300 7.300500 5.602595e+09
7301 7.301500 5.594231e+09
7302 7.302500 5.585879e+09
7303 7.303500 5.577538e+09
7304 7.304500 5.569208e+09
7305 7.305500 5.560890e+09
7306 7.306500 5.552584e+09
7307 7.307500 5.544289e+09
7308 7.308500 5.536005e+09
7309 7.309500 5.527733e+09
7310 7.310500 5.519472e+09
7311 7.311500 5.511223e+09
7312 7.312500 5.502985e+09
7313 7.313500 5.494758e+09
7314 7.314500 5.486543e+09
7315 7.315500 5.478339e+09
7316 7.316500 5.470146e+09
7317 7.317500 5.461965e+09
7318 7.318500 5.453795e+09
7319 7.319500 5.445637e+09
7320 7.320500 5.437489e+09
7321 7.321500 5.429353e+09
7322 7.322500 5.421228e+09
7323 7.323500 5.413115e+09
7324 7.324500 5.405012e+09
7325 7.325500 5.396921e+09
7326 7.326500 5.388841e+09
7327 7.327500 5.380772e+09
7328 7.328500 5.372715e+09
7329 7.329500 5.364668e+09
7330 7.330500 5.356633e+09
7331 7.331500 5.348609e+09
7332 7.332500 5.340596e+09
7333 7.333500 5.332594e+09
7334 7.334500 5.324603e+09
7335 7.335500 5.316623e+09
7336 7.336500 5.308654e+09
7337 7.337500 5.300697e+09
7338 7.338500 5.292750e+09
7339 7.339500 5.284814e+09
7340 7.340500 5.276890e+09
7341 7.341500 5.268976e+09
7342 7.342500 5.261073e+09
7343 7.343500 5.253181e+09
7344 7.344500 5.245301e+09
7345 7.345500 5.237431e+09
7346 7.346500 5.229572e+09
7347 7.347500 5.221724e+09
7348 7.348500 5.213887e+09
7349 7.349500 5.206060e+09
7350 7.350500 5.198245e+09
7351 7.351500 5.190440e+09
7352 7.352500 5.182647e+09
7353 7.353500 5.174864e+09
7354 7.354500 5.167092e+09
7355 7.355500 5.159330e+09
7356 7.356500 5.151580e+09
7357 7.357500 5.143840e+09
7358 7.358500 5.136111e+09
7359 7.359500 5.128393e+09
7360 7.360500 5.120685e+09
7361 7.361500 5.112988e+09
7362 7.362500 5.105302e+09
7363 7.363500 5.097627e+09
7364 7.364500 5.089962e+09
7365 7.365500 5.082308e+09
7366 7.366500 5.074665e+09
7367 7.367500 5.067032e+09
7368 7.368500 5.059410e+09
7369 7.369500 5.051798e+09
7370 7.370500 5.044197e+09
7371 7.371500 5.036607e+09
7372 7.372500 5.029027e+09
7373 7.373500 5.021458e+09
7374 7.374500 5.013899e+09
7375 7.375500 5.006351e+09
7376 7.376500 4.998813e+09
7377 7.377500 4.991286e+09
7378 7.378500 4.983769e+09
7379 7.379500 4.976263e+09
7380 7.380500 4.968767e+09
7381 7.381500 4.961282e+09
7382 7.382500 4.953807e+09
7383 7.383500 4.946342e+09
7384 7.384500 4.938888e+09
7385 7.385500 4.931445e+09
7386 7.386500 4.924011e+09
7387 7.387500 4.916589e+09
7388 7.388500 4.909176e+09
7389 7.389500 4.901774e+09
7390 7.390500 4.894382e+09
7391 7.391500 4.887000e+09
7392 7.392500 4.879629e+09
7393 7.393500 4.872268e+09
7394 7.394500 4.864918e+09
7395 7.395500 4.857577e+09
7396 7.396500 4.850247e+09
7397 7.397500 4.842927e+09
7398 7.398500 4.835617e+09
7399 7.399500 4.828318e+09
7400 7.400500 4.821029e+09
7401 7.401500 4.813750e+09
7402 7.402500 4.806481e+09
7403 7.403500 4.799222e+09
7404 7.404500 4.791973e+09
7405 7.405500 4.784735e+09
7406 7.406500 4.777506e+09
7407 7.407500 4.770288e+09
7408 7.408500 4.763080e+09
7409 7.409500 4.755882e+09
7410 7.410500 4.748694e+09
7411 7.411500 4.741516e+09
7412 7.412500 4.734348e+09
7413 7.413500 4.727190e+09
7414 7.414500 4.720043e+09
7415 7.415500 4.712905e+09
7416 7.416500 4.705777e+09
7417 7.417500 4.698659e+09
7418 7.418500 4.691551e+09
7419 7.419500 4.684453e+09
7420 7.420500 4.677365e+09
7421 7.421500 4.670287e+09
7422 7.422500 4.663219e+09
7423 7.423500 4.656161e+09
7424 7.424500 4.649113e+09
7425 7.425500 4.642074e+09
7426 7.426500 4.635046e+09
7427 7.427500 4.628027e+09
7428 7.428500 4.621018e+09
7429 7.429500 4.614019e+09
7430 7.430500 4.607030e+09
7431 7.431500 4.600050e+09
7432 7.432500 4.593081e+09
7433 7.433500 4.586121e+09
7434 7.434500 4.579171e+09
7435 7.435500 4.572231e+09
7436 7.436500 4.565300e+09
7437 7.437500 4.558379e+09
7438 7.438500 4.551468e+09
7439 7.439500 4.544567e+09
7440 7.440500 4.537675e+09
7441 7.441500 4.530793e+09
7442 7.442500 4.523921e+09
7443 7.443500 4.517058e+09
7444 7.444500 4.510205e+09
7445 7.445500 4.503362e+09
7446 7.446500 4.496528e+09
7447 7.447500 4.489704e+09
7448 7.448500 4.482889e+09
7449 7.449500 4.476084e+09
7450 7.450500 4.469289e+09
7451 7.451500 4.462503e+09
7452 7.452500 4.455727e+09
7453 7.453500 4.448960e+09
7454 7.454500 4.442203e+09
7455 7.455500 4.435455e+09
7456 7.456500 4.428717e+09
7457 7.457500 4.421988e+09
7458 7.458500 4.415269e+09
7459 7.459500 4.408559e+09
7460 7.460500 4.401858e+09
7461 7.461500 4.395167e+09
7462 7.462500 4.388486e+09
7463 7.463500 4.381814e+09
7464 7.464500 4.375151e+09
7465 7.465500 4.368498e+09
7466 7.466500 4.361854e+09
7467 7.467500 4.355219e+09
7468 7.468500 4.348594e+09
7469 7.469500 4.341978e+09
7470 7.470500 4.335372e+09
7471 7.471500 4.328775e+09
7472 7.472500 4.322187e+09
7473 7.473500 4.315608e+09
7474 7.474500 4.309039e+09
7475 7.475500 4.302479e+09
7476 7.476500 4.295928e+09
7477 7.477500 4.289386e+09
7478 7.478500 4.282854e+09
7479 7.479500 4.276331e+09
7480 7.480500 4.269817e+09
7481 7.481500 4.263313e+09
7482 7.482500 4.256817e+09
7483 7.483500 4.250331e+09
7484 7.484500 4.243854e+09
7485 7.485500 4.237386e+09
7486 7.486500 4.230927e+09
7487 7.487500 4.224477e+09
7488 7.488500 4.218036e+09
7489 7.489500 4.211605e+09
7490 7.490500 4.205183e+09
7491 7.491500 4.198769e+09
7492 7.492500 4.192365e+09
7493 7.493500 4.185970e+09
7494 7.494500 4.179584e+09
7495 7.495500 4.173207e+09
7496 7.496500 4.166839e+09
7497 7.497500 4.160479e+09
7498 7.498500 4.154129e+09
7499 7.499500 4.147788e+09
7500 7.500500 4.141456e+09
7501 7.501500 4.135133e+09
7502 7.502500 4.128819e+09
7503 7.503500 4.122514e+09
7504 7.504500 4.116217e+09
7505 7.505500 4.109930e+09
7506 7.506500 4.103652e+09
7507 7.507500 4.097382e+09
7508 7.508500 4.091121e+09
7509 7.509500 4.084870e+09
7510 7.510500 4.078627e+09
7511 7.511500 4.072393e+09
7512 7.512500 4.066167e+09
7513 7.513500 4.059951e+09
7514 7.514500 4.053743e+09
7515 7.515500 4.047544e+09
7516 7.516500 4.041354e+09
7517 7.517500 4.035173e+09
7518 7.518500 4.029001e+09
7519 7.519500 4.022837e+09
7520 7.520500 4.016682e+09
7521 7.521500 4.010536e+09
7522 7.522500 4.004398e+09
7523 7.523500 3.998270e+09
7524 7.524500 3.992150e+09
7525 7.525500 3.986038e+09
7526 7.526500 3.979936e+09
7527 7.527500 3.973842e+09
7528 7.528500 3.967756e+09
7529 7.529500 3.961680e+09
7530 7.530500 3.955612e+09
7531 7.531500 3.949552e+09
7532 7.532500 3.943501e+09
7533 7.533500 3.937459e+09
7534 7.534500 3.931425e+09
7535 7.535500 3.925400e+09
7536 7.536500 3.919384e+09
7537 7.537500 3.913376e+09
7538 7.538500 3.907377e+09
7539 7.539500 3.901386e+09
7540 7.540500 3.895404e+09
7541 7.541500 3.889430e+09
7542 7.542500 3.883464e+09
7543 7.543500 3.877508e+09
7544 7.544500 3.871559e+09
7545 7.545500 3.865620e+09
7546 7.546500 3.859688e+09
7547 7.547500 3.853765e+09
7548 7.548500 3.847851e+09
7549 7.549500 3.841945e+09
7550 7.550500 3.836047e+09
7551 7.551500 3.830158e+09
7552 7.552500 3.824277e+09
7553 7.553500 3.818405e+09
7554 7.554500 3.812540e+09
7555 7.555500 3.806685e+09
7556 7.556500 3.800837e+09
7557 7.557500 3.794998e+09
7558 7.558500 3.789168e+09
7559 7.559500 3.783345e+09
7560 7.560500 3.777531e+09
7561 7.561500 3.771725e+09
7562 7.562500 3.765928e+09
7563 7.563500 3.760139e+09
7564 7.564500 3.754358e+09
7565 7.565500 3.748585e+09
7566 7.566500 3.742821e+09
7567 7.567500 3.737064e+09
7568 7.568500 3.731316e+09
7569 7.569500 3.725577e+09
7570 7.570500 3.719845e+09
7571 7.571500 3.714122e+09
7572 7.572500 3.708406e+09
7573 7.573500 3.702699e+09
7574 7.574500 3.697001e+09
7575 7.575500 3.691310e+09
7576 7.576500 3.685627e+09
7577 7.577500 3.679953e+09
7578 7.578500 3.674286e+09
7579 7.579500 3.668628e+09
7580 7.580500 3.662978e+09
7581 7.581500 3.657336e+09
7582 7.582500 3.651702e+09
7583 7.583500 3.646076e+09
7584 7.584500 3.640458e+09
7585 7.585500 3.634848e+09
7586 7.586500 3.629246e+09
7587 7.587500 3.623653e+09
7588 7.588500 3.618067e+09
7589 7.589500 3.612489e+09
7590 7.590500 3.606919e+09
7591 7.591500 3.601357e+09
7592 7.592500 3.595804e+09
7593 7.593500 3.590258e+09
7594 7.594500 3.584720e+09
7595 7.595500 3.579190e+09
7596 7.596500 3.573668e+09
7597 7.597500 3.568154e+09
7598 7.598500 3.562647e+09
7599 7.599500 3.557149e+09
7600 7.600500 3.551658e+09
7601 7.601500 3.546176e+09
7602 7.602500 3.540701e+09
7603 7.603500 3.535234e+09
7604 7.604500 3.529775e+09
7605 7.605500 3.524324e+09
7606 7.606500 3.518881e+09
7607 7.607500 3.513445e+09
7608 7.608500 3.508017e+09
7609 7.609500 3.502597e+09
7610 7.610500 3.497185e+09
7611 7.611500 3.491781e+09
7612 7.612500 3.486384e+09
7613 7.613500 3.480995e+09
7614 7.614500 3.475614e+09
7615 7.615500 3.470241e+09
7616 7.616500 3.464875e+09
7617 7.617500 3.459517e+09
7618 7.618500 3.454167e+09
7619 7.619500 3.448824e+09
7620 7.620500 3.443489e+09
7621 7.621500 3.438162e+09
7622 7.622500 3.432843e+09
7623 7.623500 3.427531e+09
7624 7.624500 3.422226e+09
7625 7.625500 3.416930e+09
7626 7.626500 3.411641e+09
7627 7.627500 3.406359e+09
7628 7.628500 3.401086e+09
7629 7.629500 3.395819e+09
7630 7.630500 3.390561e+09
7631 7.631500 3.385310e+09
7632 7.632500 3.380066e+09
7633 7.633500 3.374830e+09
7634 7.634500 3.369602e+09
7635 7.635500 3.364381e+09
7636 7.636500 3.359168e+09
7637 7.637500 3.353962e+09
7638 7.638500 3.348763e+09
7639 7.639500 3.343573e+09
7640 7.640500 3.338389e+09
7641 7.641500 3.333213e+09
7642 7.642500 3.328045e+09
7643 7.643500 3.322884e+09
7644 7.644500 3.317731e+09
7645 7.645500 3.312584e+09
7646 7.646500 3.307446e+09
7647 7.647500 3.302315e+09
7648 7.648500 3.297191e+09
7649 7.649500 3.292074e+09
7650 7.650500 3.286965e+09
7651 7.651500 3.281863e+09
7652 7.652500 3.276769e+09
7653 7.653500 3.271682e+09
7654 7.654500 3.266603e+09
7655 7.655500 3.261530e+09
7656 7.656500 3.256465e+09
7657 7.657500 3.251408e+09
7658 7.658500 3.246357e+09
7659 7.659500 3.241314e+09
7660 7.660500 3.236279e+09
7661 7.661500 3.231250e+09
7662 7.662500 3.226229e+09
7663 7.663500 3.221215e+09
7664 7.664500 3.216208e+09
7665 7.665500 3.211209e+09
7666 7.666500 3.206217e+09
7667 7.667500 3.201232e+09
7668 7.668500 3.196254e+09
7669 7.669500 3.191283e+09
7670 7.670500 3.186320e+09
7671 7.671500 3.181364e+09
7672 7.672500 3.176415e+09
7673 7.673500 3.171473e+09
7674 7.674500 3.166538e+09
7675 7.675500 3.161611e+09
7676 7.676500 3.156690e+09
7677 7.677500 3.151777e+09
7678 7.678500 3.146871e+09
7679 7.679500 3.141972e+09
7680 7.680500 3.137080e+09
7681 7.681500 3.132195e+09
7682 7.682500 3.127317e+09
7683 7.683500 3.122446e+09
7684 7.684500 3.117582e+09
7685 7.685500 3.112726e+09
7686 7.686500 3.107876e+09
7687 7.687500 3.103034e+09
7688 7.688500 3.098198e+09
7689 7.689500 3.093370e+09
7690 7.690500 3.088548e+09
7691 7.691500 3.083734e+09
7692 7.692500 3.078926e+09
7693 7.693500 3.074125e+09
7694 7.694500 3.069332e+09
7695 7.695500 3.064545e+09
7696 7.696500 3.059766e+09
7697 7.697500 3.054993e+09
7698 7.698500 3.050227e+09
7699 7.699500 3.045468e+09
7700 7.700500 3.040716e+09
7701 7.701500 3.035971e+09
7702 7.702500 3.031233e+09
7703 7.703500 3.026502e+09
7704 7.704500 3.021777e+09
7705 7.705500 3.017060e+09
7706 7.706500 3.012349e+09
7707 7.707500 3.007645e+09
7708 7.708500 3.002948e+09
7709 7.709500 2.998258e+09
7710 7.710500 2.993575e+09
7711 7.711500 2.988898e+09
7712 7.712500 2.984228e+09
7713 7.713500 2.979565e+09
7714 7.714500 2.974909e+09
7715 7.715500 2.970260e+09
7716 7.716500 2.965617e+09
7717 7.717500 2.960981e+09
7718 7.718500 2.956352e+09
7719 7.719500 2.951730e+09
7720 7.720500 2.947114e+09
7721 7.721500 2.942505e+09
7722 7.722500 2.937903e+09
7723 7.723500 2.933308e+09
7724 7.724500 2.928719e+09
7725 7.725500 2.924137e+09
7726 7.726500 2.919561e+09
7727 7.727500 2.914993e+09
7728 7.728500 2.910430e+09
7729 7.729500 2.905875e+09
7730 7.730500 2.901326e+09
7731 7.731500 2.896784e+09
7732 7.732500 2.892248e+09
7733 7.733500 2.887719e+09
7734 7.734500 2.883197e+09
7735 7.735500 2.878681e+09
7736 7.736500 2.874172e+09
7737 7.737500 2.869670e+09
7738 7.738500 2.865174e+09
7739 7.739500 2.860684e+09
7740 7.740500 2.856201e+09
7741 7.741500 2.851725e+09
7742 7.742500 2.847255e+09
7743 7.743500 2.842792e+09
7744 7.744500 2.838335e+09
7745 7.745500 2.833885e+09
7746 7.746500 2.829441e+09
7747 7.747500 2.825004e+09
7748 7.748500 2.820573e+09
7749 7.749500 2.816149e+09
7750 7.750500 2.811731e+09
7751 7.751500 2.807320e+09
7752 7.752500 2.802915e+09
7753 7.753500 2.798516e+09
7754 7.754500 2.794124e+09
7755 7.755500 2.789739e+09
7756 7.756500 2.785359e+09
7757 7.757500 2.780987e+09
7758 7.758500 2.776620e+09
7759 7.759500 2.772260e+09
7760 7.760500 2.767907e+09
7761 7.761500 2.763559e+09
7762 7.762500 2.759218e+09
7763 7.763500 2.754884e+09
7764 7.764500 2.750556e+09
7765 7.765500 2.746234e+09
7766 7.766500 2.741918e+09
7767 7.767500 2.737609e+09
7768 7.768500 2.733306e+09
7769 7.769500 2.729010e+09
7770 7.770500 2.724719e+09
7771 7.771500 2.720435e+09
7772 7.772500 2.716158e+09
7773 7.773500 2.711886e+09
7774 7.774500 2.707621e+09
7775 7.775500 2.703362e+09
7776 7.776500 2.699109e+09
7777 7.777500 2.694863e+09
7778 7.778500 2.690623e+09
7779 7.779500 2.686389e+09
7780 7.780500 2.682161e+09
7781 7.781500 2.677939e+09
7782 7.782500 2.673724e+09
7783 7.783500 2.669515e+09
7784 7.784500 2.665312e+09
7785 7.785500 2.661115e+09
7786 7.786500 2.656924e+09
7787 7.787500 2.652740e+09
7788 7.788500 2.648561e+09
7789 7.789500 2.644389e+09
7790 7.790500 2.640223e+09
7791 7.791500 2.636063e+09
7792 7.792500 2.631909e+09
7793 7.793500 2.627761e+09
7794 7.794500 2.623619e+09
7795 7.795500 2.619484e+09
7796 7.796500 2.615354e+09
7797 7.797500 2.611231e+09
7798 7.798500 2.607113e+09
7799 7.799500 2.603002e+09
7800 7.800500 2.598897e+09
7801 7.801500 2.594797e+09
7802 7.802500 2.590704e+09
7803 7.803500 2.586617e+09
7804 7.804500 2.582536e+09
7805 7.805500 2.578461e+09
7806 7.806500 2.574391e+09
7807 7.807500 2.570328e+09
7808 7.808500 2.566271e+09
7809 7.809500 2.562220e+09
7810 7.810500 2.558175e+09
7811 7.811500 2.554135e+09
7812 7.812500 2.550102e+09
7813 7.813500 2.546074e+09
7814 7.814500 2.542053e+09
7815 7.815500 2.538037e+09
7816 7.816500 2.534028e+09
7817 7.817500 2.530024e+09
7818 7.818500 2.526026e+09
7819 7.819500 2.522034e+09
7820 7.820500 2.518048e+09
7821 7.821500 2.514068e+09
7822 7.822500 2.510094e+09
7823 7.823500 2.506125e+09
7824 7.824500 2.502163e+09
7825 7.825500 2.498206e+09
7826 7.826500 2.494255e+09
7827 7.827500 2.490310e+09
7828 7.828500 2.486371e+09
7829 7.829500 2.482437e+09
7830 7.830500 2.478509e+09
7831 7.831500 2.474588e+09
7832 7.832500 2.470672e+09
7833 7.833500 2.466761e+09
7834 7.834500 2.462857e+09
7835 7.835500 2.458958e+09
7836 7.836500 2.455065e+09
7837 7.837500 2.451178e+09
7838 7.838500 2.447296e+09
7839 7.839500 2.443421e+09
7840 7.840500 2.439551e+09
7841 7.841500 2.435686e+09
7842 7.842500 2.431828e+09
7843 7.843500 2.427975e+09
7844 7.844500 2.424128e+09
7845 7.845500 2.420286e+09
7846 7.846500 2.416451e+09
7847 7.847500 2.412620e+09
7848 7.848500 2.408796e+09
7849 7.849500 2.404977e+09
7850 7.850500 2.401164e+09
7851 7.851500 2.397357e+09
7852 7.852500 2.393555e+09
7853 7.853500 2.389758e+09
7854 7.854500 2.385968e+09
7855 7.855500 2.382183e+09
7856 7.856500 2.378403e+09
7857 7.857500 2.374630e+09
7858 7.858500 2.370861e+09
7859 7.859500 2.367099e+09
7860 7.860500 2.363342e+09
7861 7.861500 2.359590e+09
7862 7.862500 2.355844e+09
7863 7.863500 2.352104e+09
7864 7.864500 2.348369e+09
7865 7.865500 2.344640e+09
7866 7.866500 2.340916e+09
7867 7.867500 2.337198e+09
7868 7.868500 2.333485e+09
7869 7.869500 2.329778e+09
7870 7.870500 2.326076e+09
7871 7.871500 2.322380e+09
7872 7.872500 2.318689e+09
7873 7.873500 2.315004e+09
7874 7.874500 2.311324e+09
7875 7.875500 2.307650e+09
7876 7.876500 2.303981e+09
7877 7.877500 2.300318e+09
7878 7.878500 2.296660e+09
7879 7.879500 2.293007e+09
7880 7.880500 2.289360e+09
7881 7.881500 2.285718e+09
7882 7.882500 2.282082e+09
7883 7.883500 2.278451e+09
7884 7.884500 2.274825e+09
7885 7.885500 2.271205e+09
7886 7.886500 2.267591e+09
7887 7.887500 2.263981e+09
7888 7.888500 2.260377e+09
7889 7.889500 2.256779e+09
7890 7.890500 2.253185e+09
7891 7.891500 2.249597e+09
7892 7.892500 2.246015e+09
7893 7.893500 2.242438e+09
7894 7.894500 2.238866e+09
7895 7.895500 2.235299e+09
7896 7.896500 2.231738e+09
7897 7.897500 2.228182e+09
7898 7.898500 2.224631e+09
7899 7.899500 2.221085e+09
7900 7.900500 2.217545e+09
7901 7.901500 2.214010e+09
7902 7.902500 2.210481e+09
7903 7.903500 2.206956e+09
7904 7.904500 2.203437e+09
7905 7.905500 2.199923e+09
7906 7.906500 2.196415e+09
7907 7.907500 2.192911e+09
7908 7.908500 2.189413e+09
7909 7.909500 2.185920e+09
7910 7.910500 2.182432e+09
7911 7.911500 2.178950e+09
7912 7.912500 2.175472e+09
7913 7.913500 2.172000e+09
7914 7.914500 2.168533e+09
7915 7.915500 2.165071e+09
7916 7.916500 2.161615e+09
7917 7.917500 2.158163e+09
7918 7.918500 2.154717e+09
7919 7.919500 2.151275e+09
7920 7.920500 2.147839e+09
7921 7.921500 2.144408e+09
7922 7.922500 2.140982e+09
7923 7.923500 2.137562e+09
7924 7.924500 2.134146e+09
7925 7.925500 2.130736e+09
7926 7.926500 2.127330e+09
7927 7.927500 2.123930e+09
7928 7.928500 2.120535e+09
7929 7.929500 2.117144e+09
7930 7.930500 2.113759e+09
7931 7.931500 2.110379e+09
7932 7.932500 2.107004e+09
7933 7.933500 2.103634e+09
7934 7.934500 2.100269e+09
7935 7.935500 2.096909e+09
7936 7.936500 2.093555e+09
7937 7.937500 2.090205e+09
7938 7.938500 2.086860e+09
7939 7.939500 2.083520e+09
7940 7.940500 2.080185e+09
7941 7.941500 2.076855e+09
7942 7.942500 2.073530e+09
7943 7.943500 2.070211e+09
7944 7.944500 2.066896e+09
7945 7.945500 2.063586e+09
7946 7.946500 2.060281e+09
7947 7.947500 2.056981e+09
7948 7.948500 2.053685e+09
7949 7.949500 2.050395e+09
7950 7.950500 2.047110e+09
7951 7.951500 2.043830e+09
7952 7.952500 2.040554e+09
7953 7.953500 2.037284e+09
7954 7.954500 2.034018e+09
7955 7.955500 2.030757e+09
7956 7.956500 2.027502e+09
7957 7.957500 2.024251e+09
7958 7.958500 2.021005e+09
7959 7.959500 2.017763e+09
7960 7.960500 2.014527e+09
7961 7.961500 2.011296e+09
7962 7.962500 2.008069e+09
7963 7.963500 2.004847e+09
7964 7.964500 2.001630e+09
7965 7.965500 1.998418e+09
7966 7.966500 1.995211e+09
7967 7.967500 1.992008e+09
7968 7.968500 1.988811e+09
7969 7.969500 1.985618e+09
7970 7.970500 1.982430e+09
7971 7.971500 1.979246e+09
7972 7.972500 1.976068e+09
7973 7.973500 1.972894e+09
7974 7.974500 1.969725e+09
7975 7.975500 1.966561e+09
7976 7.976500 1.963401e+09
7977 7.977500 1.960247e+09
7978 7.978500 1.957097e+09
7979 7.979500 1.953951e+09
7980 7.980500 1.950811e+09
7981 7.981500 1.947675e+09
7982 7.982500 1.944544e+09
7983 7.983500 1.941418e+09
7984 7.984500 1.938296e+09
7985 7.985500 1.935179e+09
7986 7.986500 1.932067e+09
7987 7.987500 1.928959e+09
7988 7.988500 1.925856e+09
7989 7.989500 1.922758e+09
7990 7.990500 1.919664e+09
7991 7.991500 1.916575e+09
7992 7.992500 1.913491e+09
7993 7.993500 1.910412e+09
7994 7.994500 1.907337e+09
7995 7.995500 1.904266e+09
7996 7.996500 1.901200e+09
7997 7.997500 1.898139e+09
7998 7.998500 1.895083e+09
7999 7.999500 1.892031e+09
8000 8.000500 1.888984e+09
8001 8.001500 1.885941e+09
8002 8.002500 1.882903e+09
8003 8.003500 1.879869e+09
8004 8.004500 1.876840e+09
8005 8.005500 1.873816e+09
8006 8.006500 1.870796e+09
8007 8.007500 1.867781e+09
8008 8.008500 1.864770e+09
8009 8.009500 1.861764e+09
8010 8.010500 1.858762e+09
8011 8.011500 1.855765e+09
8012 8.012500 1.852772e+09
8013 8.013500 1.849784e+09
8014 8.014500 1.846801e+09
8015 8.015500 1.843822e+09
8016 8.016500 1.840847e+09
8017 8.017500 1.837877e+09
8018 8.018500 1.834911e+09
8019 8.019500 1.831950e+09
8020 8.020500 1.828994e+09
8021 8.021500 1.826041e+09
8022 8.022500 1.823094e+09
8023 8.023500 1.820150e+09
8024 8.024500 1.817212e+09
8025 8.025500 1.814277e+09
8026 8.026500 1.811347e+09
8027 8.027500 1.808422e+09
8028 8.028500 1.805501e+09
8029 8.029500 1.802584e+09
8030 8.030500 1.799672e+09
8031 8.031500 1.796764e+09
8032 8.032500 1.793860e+09
8033 8.033500 1.790961e+09
8034 8.034500 1.788067e+09
8035 8.035500 1.785176e+09
8036 8.036500 1.782290e+09
8037 8.037500 1.779409e+09
8038 8.038500 1.776532e+09
8039 8.039500 1.773659e+09
8040 8.040500 1.770790e+09
8041 8.041500 1.767926e+09
8042 8.042500 1.765066e+09
8043 8.043500 1.762211e+09
8044 8.044500 1.759360e+09
8045 8.045500 1.756513e+09
8046 8.046500 1.753670e+09
8047 8.047500 1.750832e+09
8048 8.048500 1.747998e+09
8049 8.049500 1.745169e+09
8050 8.050500 1.742343e+09
8051 8.051500 1.739522e+09
8052 8.052500 1.736706e+09
8053 8.053500 1.733893e+09
8054 8.054500 1.731085e+09
8055 8.055500 1.728281e+09
8056 8.056500 1.725481e+09
8057 8.057500 1.722686e+09
8058 8.058500 1.719895e+09
8059 8.059500 1.717108e+09
8060 8.060500 1.714325e+09
8061 8.061500 1.711546e+09
8062 8.062500 1.708772e+09
8063 8.063500 1.706002e+09
8064 8.064500 1.703236e+09
8065 8.065500 1.700474e+09
8066 8.066500 1.697717e+09
8067 8.067500 1.694963e+09
8068 8.068500 1.692214e+09
8069 8.069500 1.689469e+09
8070 8.070500 1.686729e+09
8071 8.071500 1.683992e+09
8072 8.072500 1.681260e+09
8073 8.073500 1.678531e+09
8074 8.074500 1.675807e+09
8075 8.075500 1.673087e+09
8076 8.076500 1.670371e+09
8077 8.077500 1.667660e+09
8078 8.078500 1.664952e+09
8079 8.079500 1.662248e+09
8080 8.080500 1.659549e+09
8081 8.081500 1.656854e+09
8082 8.082500 1.654163e+09
8083 8.083500 1.651475e+09
8084 8.084500 1.648792e+09
8085 8.085500 1.646114e+09
8086 8.086500 1.643439e+09
8087 8.087500 1.640768e+09
8088 8.088500 1.638101e+09
8089 8.089500 1.635439e+09
8090 8.090500 1.632780e+09
8091 8.091500 1.630126e+09
8092 8.092500 1.627475e+09
8093 8.093500 1.624829e+09
8094 8.094500 1.622186e+09
8095 8.095500 1.619548e+09
8096 8.096500 1.616914e+09
8097 8.097500 1.614283e+09
8098 8.098500 1.611657e+09
8099 8.099500 1.609035e+09
8100 8.100500 1.606416e+09
8101 8.101500 1.603802e+09
8102 8.102500 1.601192e+09
8103 8.103500 1.598585e+09
8104 8.104500 1.595983e+09
8105 8.105500 1.593384e+09
8106 8.106500 1.590790e+09
8107 8.107500 1.588199e+09
8108 8.108500 1.585613e+09
8109 8.109500 1.583030e+09
8110 8.110500 1.580452e+09
8111 8.111500 1.577877e+09
8112 8.112500 1.575306e+09
8113 8.113500 1.572739e+09
8114 8.114500 1.570176e+09
8115 8.115500 1.567617e+09
8116 8.116500 1.565062e+09
8117 8.117500 1.562511e+09
8118 8.118500 1.559964e+09
8119 8.119500 1.557420e+09
8120 8.120500 1.554881e+09
8121 8.121500 1.552345e+09
8122 8.122500 1.549814e+09
8123 8.123500 1.547286e+09
8124 8.124500 1.544762e+09
8125 8.125500 1.542242e+09
8126 8.126500 1.539725e+09
8127 8.127500 1.537213e+09
8128 8.128500 1.534704e+09
8129 8.129500 1.532199e+09
8130 8.130500 1.529698e+09
8131 8.131500 1.527201e+09
8132 8.132500 1.524708e+09
8133 8.133500 1.522219e+09
8134 8.134500 1.519733e+09
8135 8.135500 1.517251e+09
8136 8.136500 1.514773e+09
8137 8.137500 1.512299e+09
8138 8.138500 1.509828e+09
8139 8.139500 1.507362e+09
8140 8.140500 1.504899e+09
8141 8.141500 1.502440e+09
8142 8.142500 1.499984e+09
8143 8.143500 1.497533e+09
8144 8.144500 1.495085e+09
8145 8.145500 1.492641e+09
8146 8.146500 1.490200e+09
8147 8.147500 1.487764e+09
8148 8.148500 1.485331e+09
8149 8.149500 1.482902e+09
8150 8.150500 1.480476e+09
8151 8.151500 1.478055e+09
8152 8.152500 1.475637e+09
8153 8.153500 1.473222e+09
8154 8.154500 1.470812e+09
8155 8.155500 1.468405e+09
8156 8.156500 1.466002e+09
8157 8.157500 1.463602e+09
8158 8.158500 1.461207e+09
8159 8.159500 1.458815e+09
8160 8.160500 1.456426e+09
8161 8.161500 1.454041e+09
8162 8.162500 1.451660e+09
8163 8.163500 1.449283e+09
8164 8.164500 1.446909e+09
8165 8.165500 1.444539e+09
8166 8.166500 1.442172e+09
8167 8.167500 1.439810e+09
8168 8.168500 1.437450e+09
8169 8.169500 1.435095e+09
8170 8.170500 1.432743e+09
8171 8.171500 1.430394e+09
8172 8.172500 1.428050e+09
8173 8.173500 1.425708e+09
8174 8.174500 1.423371e+09
8175 8.175500 1.421037e+09
8176 8.176500 1.418707e+09
8177 8.177500 1.416380e+09
8178 8.178500 1.414057e+09
8179 8.179500 1.411737e+09
8180 8.180500 1.409421e+09
8181 8.181500 1.407109e+09
8182 8.182500 1.404800e+09
8183 8.183500 1.402494e+09
8184 8.184500 1.400192e+09
8185 8.185500 1.397894e+09
8186 8.186500 1.395599e+09
8187 8.187500 1.393308e+09
8188 8.188500 1.391021e+09
8189 8.189500 1.388736e+09
8190 8.190500 1.386456e+09
8191 8.191500 1.384179e+09
8192 8.192500 1.381905e+09
8193 8.193500 1.379635e+09
8194 8.194500 1.377369e+09
8195 8.195500 1.375105e+09
8196 8.196500 1.372846e+09
8197 8.197500 1.370590e+09
8198 8.198500 1.368337e+09
8199 8.199500 1.366088e+09
8200 8.200500 1.363842e+09
8201 8.201500 1.361600e+09
8202 8.202500 1.359361e+09
8203 8.203500 1.357126e+09
8204 8.204500 1.354894e+09
8205 8.205500 1.352666e+09
8206 8.206500 1.350441e+09
8207 8.207500 1.348219e+09
8208 8.208500 1.346001e+09
8209 8.209500 1.343786e+09
8210 8.210500 1.341575e+09
8211 8.211500 1.339367e+09
8212 8.212500 1.337163e+09
8213 8.213500 1.334962e+09
8214 8.214500 1.332764e+09
8215 8.215500 1.330570e+09
8216 8.216500 1.328379e+09
8217 8.217500 1.326192e+09
8218 8.218500 1.324008e+09
8219 8.219500 1.321827e+09
8220 8.220500 1.319650e+09
8221 8.221500 1.317476e+09
8222 8.222500 1.315305e+09
8223 8.223500 1.313138e+09
8224 8.224500 1.310974e+09
8225 8.225500 1.308814e+09
8226 8.226500 1.306656e+09
8227 8.227500 1.304503e+09
8228 8.228500 1.302352e+09
8229 8.229500 1.300205e+09
8230 8.230500 1.298061e+09
8231 8.231500 1.295920e+09
8232 8.232500 1.293783e+09
8233 8.233500 1.291649e+09
8234 8.234500 1.289519e+09
8235 8.235500 1.287391e+09
8236 8.236500 1.285267e+09
8237 8.237500 1.283147e+09
8238 8.238500 1.281029e+09
8239 8.239500 1.278915e+09
8240 8.240500 1.276804e+09
8241 8.241500 1.274697e+09
8242 8.242500 1.272592e+09
8243 8.243500 1.270491e+09
8244 8.244500 1.268393e+09
8245 8.245500 1.266299e+09
8246 8.246500 1.264208e+09
8247 8.247500 1.262120e+09
8248 8.248500 1.260035e+09
8249 8.249500 1.257953e+09
8250 8.250500 1.255875e+09
8251 8.251500 1.253800e+09
8252 8.252500 1.251728e+09
8253 8.253500 1.249659e+09
8254 8.254500 1.247594e+09
8255 8.255500 1.245531e+09
8256 8.256500 1.243472e+09
8257 8.257500 1.241416e+09
8258 8.258500 1.239364e+09
8259 8.259500 1.237314e+09
8260 8.260500 1.235268e+09
8261 8.261500 1.233225e+09
8262 8.262500 1.231185e+09
8263 8.263500 1.229148e+09
8264 8.264500 1.227114e+09
8265 8.265500 1.225084e+09
8266 8.266500 1.223057e+09
8267 8.267500 1.221033e+09
8268 8.268500 1.219012e+09
8269 8.269500 1.216994e+09
8270 8.270500 1.214979e+09
8271 8.271500 1.212967e+09
8272 8.272500 1.210959e+09
8273 8.273500 1.208954e+09
8274 8.274500 1.206951e+09
8275 8.275500 1.204952e+09
8276 8.276500 1.202956e+09
8277 8.277500 1.200963e+09
8278 8.278500 1.198974e+09
8279 8.279500 1.196987e+09
8280 8.280500 1.195003e+09
8281 8.281500 1.193023e+09
8282 8.282500 1.191046e+09
8283 8.283500 1.189071e+09
8284 8.284500 1.187100e+09
8285 8.285500 1.185132e+09
8286 8.286500 1.183167e+09
8287 8.287500 1.181205e+09
8288 8.288500 1.179246e+09
8289 8.289500 1.177290e+09
8290 8.290500 1.175337e+09
8291 8.291500 1.173387e+09
8292 8.292500 1.171440e+09
8293 8.293500 1.169496e+09
8294 8.294500 1.167556e+09
8295 8.295500 1.165618e+09
8296 8.296500 1.163683e+09
8297 8.297500 1.161752e+09
8298 8.298500 1.159823e+09
8299 8.299500 1.157897e+09
8300 8.300500 1.155975e+09
8301 8.301500 1.154055e+09
8302 8.302500 1.152138e+09
8303 8.303500 1.150225e+09
8304 8.304500 1.148314e+09
8305 8.305500 1.146406e+09
8306 8.306500 1.144502e+09
8307 8.307500 1.142600e+09
8308 8.308500 1.140701e+09
8309 8.309500 1.138806e+09
8310 8.310500 1.136913e+09
8311 8.311500 1.135023e+09
8312 8.312500 1.133136e+09
8313 8.313500 1.131252e+09
8314 8.314500 1.129371e+09
8315 8.315500 1.127493e+09
8316 8.316500 1.125618e+09
8317 8.317500 1.123746e+09
8318 8.318500 1.121876e+09
8319 8.319500 1.120010e+09
8320 8.320500 1.118147e+09
8321 8.321500 1.116286e+09
8322 8.322500 1.114428e+09
8323 8.323500 1.112574e+09
8324 8.324500 1.110722e+09
8325 8.325500 1.108873e+09
8326 8.326500 1.107027e+09
8327 8.327500 1.105184e+09
8328 8.328500 1.103344e+09
8329 8.329500 1.101506e+09
8330 8.330500 1.099672e+09
8331 8.331500 1.097840e+09
8332 8.332500 1.096012e+09
8333 8.333500 1.094186e+09
8334 8.334500 1.092363e+09
8335 8.335500 1.090543e+09
8336 8.336500 1.088725e+09
8337 8.337500 1.086911e+09
8338 8.338500 1.085099e+09
8339 8.339500 1.083291e+09
8340 8.340500 1.081485e+09
8341 8.341500 1.079682e+09
8342 8.342500 1.077881e+09
8343 8.343500 1.076084e+09
8344 8.344500 1.074289e+09
8345 8.345500 1.072497e+09
8346 8.346500 1.070708e+09
8347 8.347500 1.068922e+09
8348 8.348500 1.067139e+09
8349 8.349500 1.065358e+09
8350 8.350500 1.063580e+09
8351 8.351500 1.061806e+09
8352 8.352500 1.060033e+09
8353 8.353500 1.058264e+09
8354 8.354500 1.056497e+09
8355 8.355500 1.054733e+09
8356 8.356500 1.052972e+09
8357 8.357500 1.051214e+09
8358 8.358500 1.049458e+09
8359 8.359500 1.047706e+09
8360 8.360500 1.045955e+09
8361 8.361500 1.044208e+09
8362 8.362500 1.042464e+09
8363 8.363500 1.040722e+09
8364 8.364500 1.038983e+09
8365 8.365500 1.037246e+09
8366 8.366500 1.035513e+09
8367 8.367500 1.033782e+09
8368 8.368500 1.032054e+09
8369 8.369500 1.030328e+09
8370 8.370500 1.028606e+09
8371 8.371500 1.026885e+09
8372 8.372500 1.025168e+09
8373 8.373500 1.023454e+09
8374 8.374500 1.021742e+09
8375 8.375500 1.020032e+09
8376 8.376500 1.018326e+09
8377 8.377500 1.016622e+09
8378 8.378500 1.014921e+09
8379 8.379500 1.013222e+09
8380 8.380500 1.011527e+09
8381 8.381500 1.009833e+09
8382 8.382500 1.008143e+09
8383 8.383500 1.006455e+09
8384 8.384500 1.004770e+09
8385 8.385500 1.003088e+09
8386 8.386500 1.001408e+09
8387 8.387500 9.997305e+08
8388 8.388500 9.980560e+08
8389 8.389500 9.963841e+08
8390 8.390500 9.947148e+08
8391 8.391500 9.930482e+08
8392 8.392500 9.913842e+08
8393 8.393500 9.897228e+08
8394 8.394500 9.880640e+08
8395 8.395500 9.864079e+08
8396 8.396500 9.847544e+08
8397 8.397500 9.831034e+08
8398 8.398500 9.814551e+08
8399 8.399500 9.798094e+08
8400 8.400500 9.781663e+08
8401 8.401500 9.765258e+08
8402 8.402500 9.748878e+08
8403 8.403500 9.732525e+08
8404 8.404500 9.716197e+08
8405 8.405500 9.699895e+08
8406 8.406500 9.683619e+08
8407 8.407500 9.667369e+08
8408 8.408500 9.651144e+08
8409 8.409500 9.634945e+08
8410 8.410500 9.618772e+08
8411 8.411500 9.602624e+08
8412 8.412500 9.586501e+08
8413 8.413500 9.570404e+08
8414 8.414500 9.554333e+08
8415 8.415500 9.538287e+08
8416 8.416500 9.522266e+08
8417 8.417500 9.506271e+08
8418 8.418500 9.490301e+08
8419 8.419500 9.474356e+08
8420 8.420500 9.458437e+08
8421 8.421500 9.442542e+08
8422 8.422500 9.426673e+08
8423 8.423500 9.410829e+08
8424 8.424500 9.395010e+08
8425 8.425500 9.379216e+08
8426 8.426500 9.363447e+08
8427 8.427500 9.347703e+08
8428 8.428500 9.331984e+08
8429 8.429500 9.316290e+08
8430 8.430500 9.300621e+08
8431 8.431500 9.284976e+08
8432 8.432500 9.269357e+08
8433 8.433500 9.253762e+08
8434 8.434500 9.238191e+08
8435 8.435500 9.222646e+08
8436 8.436500 9.207125e+08
8437 8.437500 9.191629e+08
8438 8.438500 9.176157e+08
8439 8.439500 9.160710e+08
8440 8.440500 9.145287e+08
8441 8.441500 9.129889e+08
8442 8.442500 9.114515e+08
8443 8.443500 9.099165e+08
8444 8.444500 9.083840e+08
8445 8.445500 9.068539e+08
8446 8.446500 9.053263e+08
8447 8.447500 9.038011e+08
8448 8.448500 9.022783e+08
8449 8.449500 9.007579e+08
8450 8.450500 8.992399e+08
8451 8.451500 8.977243e+08
8452 8.452500 8.962112e+08
8453 8.453500 8.947004e+08
8454 8.454500 8.931921e+08
8455 8.455500 8.916861e+08
8456 8.456500 8.901825e+08
8457 8.457500 8.886813e+08
8458 8.458500 8.871825e+08
8459 8.459500 8.856861e+08
8460 8.460500 8.841921e+08
8461 8.461500 8.827004e+08
8462 8.462500 8.812111e+08
8463 8.463500 8.797242e+08
8464 8.464500 8.782397e+08
8465 8.465500 8.767575e+08
8466 8.466500 8.752776e+08
8467 8.467500 8.738001e+08
8468 8.468500 8.723250e+08
8469 8.469500 8.708522e+08
8470 8.470500 8.693818e+08
8471 8.471500 8.679137e+08
8472 8.472500 8.664479e+08
8473 8.473500 8.649844e+08
8474 8.474500 8.635233e+08
8475 8.475500 8.620646e+08
8476 8.476500 8.606081e+08
8477 8.477500 8.591540e+08
8478 8.478500 8.577021e+08
8479 8.479500 8.562526e+08
8480 8.480500 8.548054e+08
8481 8.481500 8.533605e+08
8482 8.482500 8.519179e+08
8483 8.483500 8.504776e+08
8484 8.484500 8.490396e+08
8485 8.485500 8.476039e+08
8486 8.486500 8.461705e+08
8487 8.487500 8.447393e+08
8488 8.488500 8.433105e+08
8489 8.489500 8.418839e+08
8490 8.490500 8.404596e+08
8491 8.491500 8.390375e+08
8492 8.492500 8.376178e+08
8493 8.493500 8.362003e+08
8494 8.494500 8.347850e+08
8495 8.495500 8.333721e+08
8496 8.496500 8.319613e+08
8497 8.497500 8.305529e+08
8498 8.498500 8.291466e+08
8499 8.499500 8.277426e+08
8500 8.500500 8.263409e+08
8501 8.501500 8.249414e+08
8502 8.502500 8.235441e+08
8503 8.503500 8.221491e+08
8504 8.504500 8.207563e+08
8505 8.505500 8.193657e+08
8506 8.506500 8.179773e+08
8507 8.507500 8.165912e+08
8508 8.508500 8.152072e+08
8509 8.509500 8.138255e+08
8510 8.510500 8.124460e+08
8511 8.511500 8.110687e+08
8512 8.512500 8.096936e+08
8513 8.513500 8.083207e+08
8514 8.514500 8.069500e+08
8515 8.515500 8.055814e+08
8516 8.516500 8.042151e+08
8517 8.517500 8.028510e+08
8518 8.518500 8.014890e+08
8519 8.519500 8.001292e+08
8520 8.520500 7.987716e+08
8521 8.521500 7.974161e+08
8522 8.522500 7.960629e+08
8523 8.523500 7.947118e+08
8524 8.524500 7.933628e+08
8525 8.525500 7.920160e+08
8526 8.526500 7.906714e+08
8527 8.527500 7.893289e+08
8528 8.528500 7.879886e+08
8529 8.529500 7.866504e+08
8530 8.530500 7.853144e+08
8531 8.531500 7.839805e+08
8532 8.532500 7.826487e+08
8533 8.533500 7.813191e+08
8534 8.534500 7.799916e+08
8535 8.535500 7.786662e+08
8536 8.536500 7.773430e+08
8537 8.537500 7.760219e+08
8538 8.538500 7.747029e+08
8539 8.539500 7.733860e+08
8540 8.540500 7.720712e+08
8541 8.541500 7.707585e+08
8542 8.542500 7.694480e+08
8543 8.543500 7.681395e+08
8544 8.544500 7.668331e+08
8545 8.545500 7.655289e+08
8546 8.546500 7.642267e+08
8547 8.547500 7.629266e+08
8548 8.548500 7.616286e+08
8549 8.549500 7.603327e+08
8550 8.550500 7.590388e+08
8551 8.551500 7.577471e+08
8552 8.552500 7.564574e+08
8553 8.553500 7.551698e+08
8554 8.554500 7.538842e+08
8555 8.555500 7.526007e+08
8556 8.556500 7.513193e+08
8557 8.557500 7.500400e+08
8558 8.558500 7.487626e+08
8559 8.559500 7.474874e+08
8560 8.560500 7.462142e+08
8561 8.561500 7.449430e+08
8562 8.562500 7.436739e+08
8563 8.563500 7.424068e+08
8564 8.564500 7.411418e+08
8565 8.565500 7.398788e+08
8566 8.566500 7.386178e+08
8567 8.567500 7.373589e+08
8568 8.568500 7.361019e+08
8569 8.569500 7.348470e+08
8570 8.570500 7.335941e+08
8571 8.571500 7.323433e+08
8572 8.572500 7.310944e+08
8573 8.573500 7.298476e+08
8574 8.574500 7.286027e+08
8575 8.575500 7.273599e+08
8576 8.576500 7.261191e+08
8577 8.577500 7.248802e+08
8578 8.578500 7.236434e+08
8579 8.579500 7.224085e+08
8580 8.580500 7.211757e+08
8581 8.581500 7.199448e+08
8582 8.582500 7.187159e+08
8583 8.583500 7.174890e+08
8584 8.584500 7.162641e+08
8585 8.585500 7.150411e+08
8586 8.586500 7.138201e+08
8587 8.587500 7.126011e+08
8588 8.588500 7.113840e+08
8589 8.589500 7.101689e+08
8590 8.590500 7.089558e+08
8591 8.591500 7.077446e+08
8592 8.592500 7.065354e+08
8593 8.593500 7.053281e+08
8594 8.594500 7.041227e+08
8595 8.595500 7.029194e+08
8596 8.596500 7.017179e+08
8597 8.597500 7.005184e+08
8598 8.598500 6.993208e+08
8599 8.599500 6.981252e+08
8600 8.600500 6.969315e+08
8601 8.601500 6.957397e+08
8602 8.602500 6.945498e+08
8603 8.603500 6.933619e+08
8604 8.604500 6.921759e+08
8605 8.605500 6.909918e+08
8606 8.606500 6.898096e+08
8607 8.607500 6.886293e+08
8608 8.608500 6.874509e+08
8609 8.609500 6.862744e+08
8610 8.610500 6.850999e+08
8611 8.611500 6.839272e+08
8612 8.612500 6.827564e+08
8613 8.613500 6.815875e+08
8614 8.614500 6.804205e+08
8615 8.615500 6.792554e+08
8616 8.616500 6.780922e+08
8617 8.617500 6.769308e+08
8618 8.618500 6.757714e+08
8619 8.619500 6.746138e+08
8620 8.620500 6.734580e+08
8621 8.621500 6.723042e+08
8622 8.622500 6.711522e+08
8623 8.623500 6.700021e+08
8624 8.624500 6.688538e+08
8625 8.625500 6.677074e+08
8626 8.626500 6.665629e+08
8627 8.627500 6.654202e+08
8628 8.628500 6.642793e+08
8629 8.629500 6.631403e+08
8630 8.630500 6.620032e+08
8631 8.631500 6.608679e+08
8632 8.632500 6.597344e+08
8633 8.633500 6.586027e+08
8634 8.634500 6.574729e+08
8635 8.635500 6.563450e+08
8636 8.636500 6.552188e+08
8637 8.637500 6.540945e+08
8638 8.638500 6.529720e+08
8639 8.639500 6.518513e+08
8640 8.640500 6.507325e+08
8641 8.641500 6.496154e+08
8642 8.642500 6.485002e+08
8643 8.643500 6.473867e+08
8644 8.644500 6.462751e+08
8645 8.645500 6.451653e+08
8646 8.646500 6.440573e+08
8647 8.647500 6.429511e+08
8648 8.648500 6.418466e+08
8649 8.649500 6.407440e+08
8650 8.650500 6.396431e+08
8651 8.651500 6.385441e+08
8652 8.652500 6.374468e+08
8653 8.653500 6.363513e+08
8654 8.654500 6.352576e+08
8655 8.655500 6.341656e+08
8656 8.656500 6.330755e+08
8657 8.657500 6.319871e+08
8658 8.658500 6.309004e+08
8659 8.659500 6.298156e+08
8660 8.660500 6.287325e+08
8661 8.661500 6.276511e+08
8662 8.662500 6.265715e+08
8663 8.663500 6.254937e+08
8664 8.664500 6.244176e+08
8665 8.665500 6.233433e+08
8666 8.666500 6.222707e+08
8667 8.667500 6.211999e+08
8668 8.668500 6.201308e+08
8669 8.669500 6.190634e+08
8670 8.670500 6.179978e+08
8671 8.671500 6.169339e+08
8672 8.672500 6.158717e+08
8673 8.673500 6.148113e+08
8674 8.674500 6.137526e+08
8675 8.675500 6.126956e+08
8676 8.676500 6.116403e+08
8677 8.677500 6.105868e+08
8678 8.678500 6.095349e+08
8679 8.679500 6.084848e+08
8680 8.680500 6.074364e+08
8681 8.681500 6.063897e+08
8682 8.682500 6.053447e+08
8683 8.683500 6.043014e+08
8684 8.684500 6.032598e+08
8685 8.685500 6.022199e+08
8686 8.686500 6.011817e+08
8687 8.687500 6.001452e+08
8688 8.688500 5.991103e+08
8689 8.689500 5.980772e+08
8690 8.690500 5.970457e+08
8691 8.691500 5.960160e+08
8692 8.692500 5.949879e+08
8693 8.693500 5.939614e+08
8694 8.694500 5.929367e+08
8695 8.695500 5.919136e+08
8696 8.696500 5.908922e+08
8697 8.697500 5.898725e+08
8698 8.698500 5.888544e+08
8699 8.699500 5.878380e+08
8700 8.700500 5.868232e+08
8701 8.701500 5.858101e+08
8702 8.702500 5.847986e+08
8703 8.703500 5.837888e+08
8704 8.704500 5.827807e+08
8705 8.705500 5.817742e+08
8706 8.706500 5.807693e+08
8707 8.707500 5.797661e+08
8708 8.708500 5.787645e+08
8709 8.709500 5.777645e+08
8710 8.710500 5.767662e+08
8711 8.711500 5.757695e+08
8712 8.712500 5.747745e+08
8713 8.713500 5.737810e+08
8714 8.714500 5.727892e+08
8715 8.715500 5.717990e+08
8716 8.716500 5.708105e+08
8717 8.717500 5.698235e+08
8718 8.718500 5.688382e+08
8719 8.719500 5.678544e+08
8720 8.720500 5.668723e+08
8721 8.721500 5.658918e+08
8722 8.722500 5.649129e+08
8723 8.723500 5.639356e+08
8724 8.724500 5.629599e+08
8725 8.725500 5.619858e+08
8726 8.726500 5.610132e+08
8727 8.727500 5.600423e+08
8728 8.728500 5.590730e+08
8729 8.729500 5.581052e+08
8730 8.730500 5.571390e+08
8731 8.731500 5.561744e+08
8732 8.732500 5.552114e+08
8733 8.733500 5.542500e+08
8734 8.734500 5.532901e+08
8735 8.735500 5.523318e+08
8736 8.736500 5.513751e+08
8737 8.737500 5.504200e+08
8738 8.738500 5.494664e+08
8739 8.739500 5.485144e+08
8740 8.740500 5.475639e+08
8741 8.741500 5.466150e+08
8742 8.742500 5.456676e+08
8743 8.743500 5.447218e+08
8744 8.744500 5.437776e+08
8745 8.745500 5.428349e+08
8746 8.746500 5.418937e+08
8747 8.747500 5.409541e+08
8748 8.748500 5.400160e+08
8749 8.749500 5.390795e+08
8750 8.750500 5.381445e+08
8751 8.751500 5.372110e+08
8752 8.752500 5.362791e+08
8753 8.753500 5.353487e+08
8754 8.754500 5.344198e+08
8755 8.755500 5.334925e+08
8756 8.756500 5.325666e+08
8757 8.757500 5.316423e+08
8758 8.758500 5.307195e+08
8759 8.759500 5.297983e+08
8760 8.760500 5.288785e+08
8761 8.761500 5.279602e+08
8762 8.762500 5.270435e+08
8763 8.763500 5.261283e+08
8764 8.764500 5.252145e+08
8765 8.765500 5.243023e+08
8766 8.766500 5.233916e+08
8767 8.767500 5.224823e+08
8768 8.768500 5.215746e+08
8769 8.769500 5.206683e+08
8770 8.770500 5.197635e+08
8771 8.771500 5.188603e+08
8772 8.772500 5.179585e+08
8773 8.773500 5.170582e+08
8774 8.774500 5.161593e+08
8775 8.775500 5.152620e+08
8776 8.776500 5.143661e+08
8777 8.777500 5.134717e+08
8778 8.778500 5.125788e+08
8779 8.779500 5.116873e+08
8780 8.780500 5.107973e+08
8781 8.781500 5.099088e+08
8782 8.782500 5.090217e+08
8783 8.783500 5.081361e+08
8784 8.784500 5.072520e+08
8785 8.785500 5.063693e+08
8786 8.786500 5.054881e+08
8787 8.787500 5.046083e+08
8788 8.788500 5.037299e+08
8789 8.789500 5.028530e+08
8790 8.790500 5.019776e+08
8791 8.791500 5.011036e+08
8792 8.792500 5.002310e+08
8793 8.793500 4.993599e+08
8794 8.794500 4.984902e+08
8795 8.795500 4.976219e+08
8796 8.796500 4.967551e+08
8797 8.797500 4.958897e+08
8798 8.798500 4.950257e+08
8799 8.799500 4.941632e+08
8800 8.800500 4.933021e+08
8801 8.801500 4.924424e+08
8802 8.802500 4.915841e+08
8803 8.803500 4.907272e+08
8804 8.804500 4.898717e+08
8805 8.805500 4.890177e+08
8806 8.806500 4.881651e+08
8807 8.807500 4.873138e+08
8808 8.808500 4.864640e+08
8809 8.809500 4.856156e+08
8810 8.810500 4.847686e+08
8811 8.811500 4.839229e+08
8812 8.812500 4.830787e+08
8813 8.813500 4.822359e+08
8814 8.814500 4.813944e+08
8815 8.815500 4.805544e+08
8816 8.816500 4.797157e+08
8817 8.817500 4.788784e+08
8818 8.818500 4.780426e+08
8819 8.819500 4.772080e+08
8820 8.820500 4.763749e+08
8821 8.821500 4.755431e+08
8822 8.822500 4.747128e+08
8823 8.823500 4.738838e+08
8824 8.824500 4.730561e+08
8825 8.825500 4.722298e+08
8826 8.826500 4.714049e+08
8827 8.827500 4.705814e+08
8828 8.828500 4.697592e+08
8829 8.829500 4.689384e+08
8830 8.830500 4.681189e+08
8831 8.831500 4.673008e+08
8832 8.832500 4.664841e+08
8833 8.833500 4.656687e+08
8834 8.834500 4.648546e+08
8835 8.835500 4.640419e+08
8836 8.836500 4.632306e+08
8837 8.837500 4.624205e+08
8838 8.838500 4.616119e+08
8839 8.839500 4.608045e+08
8840 8.840500 4.599985e+08
8841 8.841500 4.591939e+08
8842 8.842500 4.583905e+08
8843 8.843500 4.575885e+08
8844 8.844500 4.567879e+08
8845 8.845500 4.559885e+08
8846 8.846500 4.551905e+08
8847 8.847500 4.543938e+08
8848 8.848500 4.535984e+08
8849 8.849500 4.528044e+08
8850 8.850500 4.520116e+08
8851 8.851500 4.512202e+08
8852 8.852500 4.504301e+08
8853 8.853500 4.496413e+08
8854 8.854500 4.488538e+08
8855 8.855500 4.480676e+08
8856 8.856500 4.472827e+08
8857 8.857500 4.464991e+08
8858 8.858500 4.457168e+08
8859 8.859500 4.449359e+08
8860 8.860500 4.441562e+08
8861 8.861500 4.433778e+08
8862 8.862500 4.426007e+08
8863 8.863500 4.418248e+08
8864 8.864500 4.410503e+08
8865 8.865500 4.402771e+08
8866 8.866500 4.395051e+08
8867 8.867500 4.387344e+08
8868 8.868500 4.379651e+08
8869 8.869500 4.371969e+08
8870 8.870500 4.364301e+08
8871 8.871500 4.356645e+08
8872 8.872500 4.349002e+08
8873 8.873500 4.341372e+08
8874 8.874500 4.333755e+08
8875 8.875500 4.326150e+08
8876 8.876500 4.318557e+08
8877 8.877500 4.310978e+08
8878 8.878500 4.303411e+08
8879 8.879500 4.295856e+08
8880 8.880500 4.288314e+08
8881 8.881500 4.280785e+08
8882 8.882500 4.273268e+08
8883 8.883500 4.265764e+08
8884 8.884500 4.258272e+08
8885 8.885500 4.250793e+08
8886 8.886500 4.243326e+08
8887 8.887500 4.235871e+08
8888 8.888500 4.228429e+08
8889 8.889500 4.220999e+08
8890 8.890500 4.213582e+08
8891 8.891500 4.206177e+08
8892 8.892500 4.198784e+08
8893 8.893500 4.191404e+08
8894 8.894500 4.184036e+08
8895 8.895500 4.176680e+08
8896 8.896500 4.169337e+08
8897 8.897500 4.162005e+08
8898 8.898500 4.154686e+08
8899 8.899500 4.147379e+08
8900 8.900500 4.140085e+08
8901 8.901500 4.132802e+08
8902 8.902500 4.125532e+08
8903 8.903500 4.118273e+08
8904 8.904500 4.111027e+08
8905 8.905500 4.103793e+08
8906 8.906500 4.096571e+08
8907 8.907500 4.089361e+08
8908 8.908500 4.082163e+08
8909 8.909500 4.074977e+08
8910 8.910500 4.067803e+08
8911 8.911500 4.060641e+08
8912 8.912500 4.053491e+08
8913 8.913500 4.046353e+08
8914 8.914500 4.039227e+08
8915 8.915500 4.032112e+08
8916 8.916500 4.025010e+08
8917 8.917500 4.017919e+08
8918 8.918500 4.010840e+08
8919 8.919500 4.003773e+08
8920 8.920500 3.996718e+08
8921 8.921500 3.989675e+08
8922 8.922500 3.982643e+08
8923 8.923500 3.975624e+08
8924 8.924500 3.968615e+08
8925 8.925500 3.961619e+08
8926 8.926500 3.954634e+08
8927 8.927500 3.947661e+08
8928 8.928500 3.940700e+08
8929 8.929500 3.933750e+08
8930 8.930500 3.926812e+08
8931 8.931500 3.919885e+08
8932 8.932500 3.912970e+08
8933 8.933500 3.906067e+08
8934 8.934500 3.899175e+08
8935 8.935500 3.892295e+08
8936 8.936500 3.885426e+08
8937 8.937500 3.878569e+08
8938 8.938500 3.871723e+08
8939 8.939500 3.864888e+08
8940 8.940500 3.858065e+08
8941 8.941500 3.851254e+08
8942 8.942500 3.844454e+08
8943 8.943500 3.837665e+08
8944 8.944500 3.830888e+08
8945 8.945500 3.824122e+08
8946 8.946500 3.817367e+08
8947 8.947500 3.810623e+08
8948 8.948500 3.803891e+08
8949 8.949500 3.797170e+08
8950 8.950500 3.790461e+08
8951 8.951500 3.783763e+08
8952 8.952500 3.777075e+08
8953 8.953500 3.770400e+08
8954 8.954500 3.763735e+08
8955 8.955500 3.757081e+08
8956 8.956500 3.750439e+08
8957 8.957500 3.743808e+08
8958 8.958500 3.737187e+08
8959 8.959500 3.730578e+08
8960 8.960500 3.723980e+08
8961 8.961500 3.717394e+08
8962 8.962500 3.710818e+08
8963 8.963500 3.704253e+08
8964 8.964500 3.697699e+08
8965 8.965500 3.691156e+08
8966 8.966500 3.684624e+08
8967 8.967500 3.678103e+08
8968 8.968500 3.671594e+08
8969 8.969500 3.665095e+08
8970 8.970500 3.658606e+08
8971 8.971500 3.652129e+08
8972 8.972500 3.645663e+08
8973 8.973500 3.639207e+08
8974 8.974500 3.632763e+08
8975 8.975500 3.626329e+08
8976 8.976500 3.619906e+08
8977 8.977500 3.613494e+08
8978 8.978500 3.607092e+08
8979 8.979500 3.600702e+08
8980 8.980500 3.594322e+08
8981 8.981500 3.587952e+08
8982 8.982500 3.581594e+08
8983 8.983500 3.575246e+08
8984 8.984500 3.568909e+08
8985 8.985500 3.562582e+08
8986 8.986500 3.556267e+08
8987 8.987500 3.549961e+08
8988 8.988500 3.543667e+08
8989 8.989500 3.537383e+08
8990 8.990500 3.531109e+08
8991 8.991500 3.524846e+08
8992 8.992500 3.518594e+08
8993 8.993500 3.512352e+08
8994 8.994500 3.506121e+08
8995 8.995500 3.499900e+08
8996 8.996500 3.493689e+08
8997 8.997500 3.487489e+08
8998 8.998500 3.481300e+08
8999 8.999500 3.475121e+08
9000 9.000500 3.468952e+08
9001 9.001500 3.462794e+08
9002 9.002500 3.456646e+08
9003 9.003500 3.450508e+08
9004 9.004500 3.444381e+08
9005 9.005500 3.438264e+08
9006 9.006500 3.432157e+08
9007 9.007500 3.426061e+08
9008 9.008500 3.419975e+08
9009 9.009500 3.413899e+08
9010 9.010500 3.407834e+08
9011 9.011500 3.401778e+08
9012 9.012500 3.395733e+08
9013 9.013500 3.389698e+08
9014 9.014500 3.383673e+08
9015 9.015500 3.377659e+08
9016 9.016500 3.371654e+08
9017 9.017500 3.365660e+08
9018 9.018500 3.359676e+08
9019 9.019500 3.353702e+08
9020 9.020500 3.347738e+08
9021 9.021500 3.341784e+08
9022 9.022500 3.335840e+08
9023 9.023500 3.329906e+08
9024 9.024500 3.323982e+08
9025 9.025500 3.318068e+08
9026 9.026500 3.312164e+08
9027 9.027500 3.306270e+08
9028 9.028500 3.300386e+08
9029 9.029500 3.294512e+08
9030 9.030500 3.288648e+08
9031 9.031500 3.282794e+08
9032 9.032500 3.276950e+08
9033 9.033500 3.271115e+08
9034 9.034500 3.265291e+08
9035 9.035500 3.259476e+08
9036 9.036500 3.253671e+08
9037 9.037500 3.247876e+08
9038 9.038500 3.242091e+08
9039 9.039500 3.236315e+08
9040 9.040500 3.230549e+08
9041 9.041500 3.224793e+08
9042 9.042500 3.219047e+08
9043 9.043500 3.213311e+08
9044 9.044500 3.207584e+08
9045 9.045500 3.201866e+08
9046 9.046500 3.196159e+08
9047 9.047500 3.190461e+08
9048 9.048500 3.184773e+08
9049 9.049500 3.179094e+08
9050 9.050500 3.173425e+08
9051 9.051500 3.167766e+08
9052 9.052500 3.162116e+08
9053 9.053500 3.156476e+08
9054 9.054500 3.150845e+08
9055 9.055500 3.145224e+08
9056 9.056500 3.139613e+08
9057 9.057500 3.134010e+08
9058 9.058500 3.128418e+08
9059 9.059500 3.122835e+08
9060 9.060500 3.117261e+08
9061 9.061500 3.111697e+08
9062 9.062500 3.106142e+08
9063 9.063500 3.100597e+08
9064 9.064500 3.095061e+08
9065 9.065500 3.089534e+08
9066 9.066500 3.084017e+08
9067 9.067500 3.078509e+08
9068 9.068500 3.073010e+08
9069 9.069500 3.067521e+08
9070 9.070500 3.062041e+08
9071 9.071500 3.056570e+08
9072 9.072500 3.051109e+08
9073 9.073500 3.045657e+08
9074 9.074500 3.040214e+08
9075 9.075500 3.034781e+08
9076 9.076500 3.029356e+08
9077 9.077500 3.023941e+08
9078 9.078500 3.018535e+08
9079 9.079500 3.013138e+08
9080 9.080500 3.007751e+08
9081 9.081500 3.002372e+08
9082 9.082500 2.997003e+08
9083 9.083500 2.991642e+08
9084 9.084500 2.986291e+08
9085 9.085500 2.980949e+08
9086 9.086500 2.975616e+08
9087 9.087500 2.970292e+08
9088 9.088500 2.964977e+08
9089 9.089500 2.959672e+08
9090 9.090500 2.954375e+08
9091 9.091500 2.949087e+08
9092 9.092500 2.943808e+08
9093 9.093500 2.938538e+08
9094 9.094500 2.933277e+08
9095 9.095500 2.928025e+08
9096 9.096500 2.922782e+08
9097 9.097500 2.917548e+08
9098 9.098500 2.912323e+08
9099 9.099500 2.907107e+08
9100 9.100500 2.901899e+08
9101 9.101500 2.896701e+08
9102 9.102500 2.891511e+08
9103 9.103500 2.886330e+08
9104 9.104500 2.881158e+08
9105 9.105500 2.875995e+08
9106 9.106500 2.870840e+08
9107 9.107500 2.865694e+08
9108 9.108500 2.860557e+08
9109 9.109500 2.855429e+08
9110 9.110500 2.850310e+08
9111 9.111500 2.845199e+08
9112 9.112500 2.840097e+08
9113 9.113500 2.835003e+08
9114 9.114500 2.829919e+08
9115 9.115500 2.824843e+08
9116 9.116500 2.819775e+08
9117 9.117500 2.814716e+08
9118 9.118500 2.809666e+08
9119 9.119500 2.804625e+08
9120 9.120500 2.799592e+08
9121 9.121500 2.794567e+08
9122 9.122500 2.789552e+08
9123 9.123500 2.784544e+08
9124 9.124500 2.779546e+08
9125 9.125500 2.774556e+08
9126 9.126500 2.769574e+08
9127 9.127500 2.764601e+08
9128 9.128500 2.759636e+08
9129 9.129500 2.754680e+08
9130 9.130500 2.749732e+08
9131 9.131500 2.744793e+08
9132 9.132500 2.739862e+08
9133 9.133500 2.734939e+08
9134 9.134500 2.730025e+08
9135 9.135500 2.725120e+08
9136 9.136500 2.720222e+08
9137 9.137500 2.715333e+08
9138 9.138500 2.710453e+08
9139 9.139500 2.705581e+08
9140 9.140500 2.700717e+08
9141 9.141500 2.695861e+08
9142 9.142500 2.691014e+08
9143 9.143500 2.686175e+08
9144 9.144500 2.681344e+08
9145 9.145500 2.676521e+08
9146 9.146500 2.671707e+08
9147 9.147500 2.666901e+08
9148 9.148500 2.662103e+08
9149 9.149500 2.657313e+08
9150 9.150500 2.652532e+08
9151 9.151500 2.647759e+08
9152 9.152500 2.642994e+08
9153 9.153500 2.638237e+08
9154 9.154500 2.633488e+08
9155 9.155500 2.628747e+08
9156 9.156500 2.624015e+08
9157 9.157500 2.619290e+08
9158 9.158500 2.614574e+08
9159 9.159500 2.609865e+08
9160 9.160500 2.605165e+08
9161 9.161500 2.600473e+08
9162 9.162500 2.595789e+08
9163 9.163500 2.591112e+08
9164 9.164500 2.586444e+08
9165 9.165500 2.581784e+08
9166 9.166500 2.577132e+08
9167 9.167500 2.572488e+08
9168 9.168500 2.567851e+08
9169 9.169500 2.563223e+08
9170 9.170500 2.558603e+08
9171 9.171500 2.553990e+08
9172 9.172500 2.549385e+08
9173 9.173500 2.544789e+08
9174 9.174500 2.540200e+08
9175 9.175500 2.535619e+08
9176 9.176500 2.531046e+08
9177 9.177500 2.526481e+08
9178 9.178500 2.521923e+08
9179 9.179500 2.517374e+08
9180 9.180500 2.512832e+08
9181 9.181500 2.508298e+08
9182 9.182500 2.503771e+08
9183 9.183500 2.499253e+08
9184 9.184500 2.494742e+08
9185 9.185500 2.490239e+08
9186 9.186500 2.485744e+08
9187 9.187500 2.481256e+08
9188 9.188500 2.476777e+08
9189 9.189500 2.472304e+08
9190 9.190500 2.467840e+08
9191 9.191500 2.463383e+08
9192 9.192500 2.458934e+08
9193 9.193500 2.454492e+08
9194 9.194500 2.450058e+08
9195 9.195500 2.445632e+08
9196 9.196500 2.441213e+08
9197 9.197500 2.436802e+08
9198 9.198500 2.432399e+08
9199 9.199500 2.428003e+08
9200 9.200500 2.423614e+08
9201 9.201500 2.419234e+08
9202 9.202500 2.414860e+08
9203 9.203500 2.410494e+08
9204 9.204500 2.406136e+08
9205 9.205500 2.401785e+08
9206 9.206500 2.397442e+08
9207 9.207500 2.393106e+08
9208 9.208500 2.388778e+08
9209 9.209500 2.384457e+08
9210 9.210500 2.380143e+08
9211 9.211500 2.375837e+08
9212 9.212500 2.371538e+08
9213 9.213500 2.367247e+08
9214 9.214500 2.362963e+08
9215 9.215500 2.358687e+08
9216 9.216500 2.354417e+08
9217 9.217500 2.350156e+08
9218 9.218500 2.345901e+08
9219 9.219500 2.341654e+08
9220 9.220500 2.337414e+08
9221 9.221500 2.333181e+08
9222 9.222500 2.328956e+08
9223 9.223500 2.324738e+08
9224 9.224500 2.320527e+08
9225 9.225500 2.316324e+08
9226 9.226500 2.312128e+08
9227 9.227500 2.307939e+08
9228 9.228500 2.303757e+08
9229 9.229500 2.299582e+08
9230 9.230500 2.295415e+08
9231 9.231500 2.291255e+08
9232 9.232500 2.287102e+08
9233 9.233500 2.282956e+08
9234 9.234500 2.278817e+08
9235 9.235500 2.274685e+08
9236 9.236500 2.270561e+08
9237 9.237500 2.266443e+08
9238 9.238500 2.262333e+08
9239 9.239500 2.258230e+08
9240 9.240500 2.254134e+08
9241 9.241500 2.250045e+08
9242 9.242500 2.245963e+08
9243 9.243500 2.241888e+08
9244 9.244500 2.237820e+08
9245 9.245500 2.233759e+08
9246 9.246500 2.229705e+08
9247 9.247500 2.225659e+08
9248 9.248500 2.221619e+08
9249 9.249500 2.217586e+08
9250 9.250500 2.213560e+08
9251 9.251500 2.209541e+08
9252 9.252500 2.205529e+08
9253 9.253500 2.201524e+08
9254 9.254500 2.197526e+08
9255 9.255500 2.193534e+08
9256 9.256500 2.189550e+08
9257 9.257500 2.185572e+08
9258 9.258500 2.181602e+08
9259 9.259500 2.177638e+08
9260 9.260500 2.173681e+08
9261 9.261500 2.169731e+08
9262 9.262500 2.165788e+08
9263 9.263500 2.161851e+08
9264 9.264500 2.157922e+08
9265 9.265500 2.153999e+08
9266 9.266500 2.150083e+08
9267 9.267500 2.146174e+08
9268 9.268500 2.142271e+08
9269 9.269500 2.138375e+08
9270 9.270500 2.134486e+08
9271 9.271500 2.130604e+08
9272 9.272500 2.126729e+08
9273 9.273500 2.122860e+08
9274 9.274500 2.118998e+08
9275 9.275500 2.115142e+08
9276 9.276500 2.111293e+08
9277 9.277500 2.107451e+08
9278 9.278500 2.103616e+08
9279 9.279500 2.099787e+08
9280 9.280500 2.095965e+08
9281 9.281500 2.092149e+08
9282 9.282500 2.088340e+08
9283 9.283500 2.084538e+08
9284 9.284500 2.080742e+08
9285 9.285500 2.076953e+08
9286 9.286500 2.073170e+08
9287 9.287500 2.069394e+08
9288 9.288500 2.065625e+08
9289 9.289500 2.061862e+08
9290 9.290500 2.058105e+08
9291 9.291500 2.054355e+08
9292 9.292500 2.050612e+08
9293 9.293500 2.046875e+08
9294 9.294500 2.043144e+08
9295 9.295500 2.039420e+08
9296 9.296500 2.035703e+08
9297 9.297500 2.031992e+08
9298 9.298500 2.028287e+08
9299 9.299500 2.024589e+08
9300 9.300500 2.020897e+08
9301 9.301500 2.017211e+08
9302 9.302500 2.013532e+08
9303 9.303500 2.009860e+08
9304 9.304500 2.006194e+08
9305 9.305500 2.002534e+08
9306 9.306500 1.998880e+08
9307 9.307500 1.995233e+08
9308 9.308500 1.991592e+08
9309 9.309500 1.987958e+08
9310 9.310500 1.984329e+08
9311 9.311500 1.980707e+08
9312 9.312500 1.977092e+08
9313 9.313500 1.973483e+08
9314 9.314500 1.969879e+08
9315 9.315500 1.966283e+08
9316 9.316500 1.962692e+08
9317 9.317500 1.959108e+08
9318 9.318500 1.955530e+08
9319 9.319500 1.951958e+08
9320 9.320500 1.948392e+08
9321 9.321500 1.944833e+08
9322 9.322500 1.941280e+08
9323 9.323500 1.937733e+08
9324 9.324500 1.934192e+08
9325 9.325500 1.930657e+08
9326 9.326500 1.927128e+08
9327 9.327500 1.923606e+08
9328 9.328500 1.920090e+08
9329 9.329500 1.916579e+08
9330 9.330500 1.913075e+08
9331 9.331500 1.909577e+08
9332 9.332500 1.906085e+08
9333 9.333500 1.902600e+08
9334 9.334500 1.899120e+08
9335 9.335500 1.895646e+08
9336 9.336500 1.892178e+08
9337 9.337500 1.888717e+08
9338 9.338500 1.885261e+08
9339 9.339500 1.881812e+08
9340 9.340500 1.878368e+08
9341 9.341500 1.874931e+08
9342 9.342500 1.871499e+08
9343 9.343500 1.868074e+08
9344 9.344500 1.864654e+08
9345 9.345500 1.861240e+08
9346 9.346500 1.857833e+08
9347 9.347500 1.854431e+08
9348 9.348500 1.851035e+08
9349 9.349500 1.847645e+08
9350 9.350500 1.844261e+08
9351 9.351500 1.840883e+08
9352 9.352500 1.837511e+08
9353 9.353500 1.834145e+08
9354 9.354500 1.830784e+08
9355 9.355500 1.827430e+08
9356 9.356500 1.824081e+08
9357 9.357500 1.820738e+08
9358 9.358500 1.817401e+08
9359 9.359500 1.814070e+08
9360 9.360500 1.810745e+08
9361 9.361500 1.807425e+08
9362 9.362500 1.804111e+08
9363 9.363500 1.800803e+08
9364 9.364500 1.797501e+08
9365 9.365500 1.794204e+08
9366 9.366500 1.790914e+08
9367 9.367500 1.787629e+08
9368 9.368500 1.784350e+08
9369 9.369500 1.781076e+08
9370 9.370500 1.777808e+08
9371 9.371500 1.774546e+08
9372 9.372500 1.771290e+08
9373 9.373500 1.768039e+08
9374 9.374500 1.764794e+08
9375 9.375500 1.761555e+08
9376 9.376500 1.758321e+08
9377 9.377500 1.755093e+08
9378 9.378500 1.751871e+08
9379 9.379500 1.748654e+08
9380 9.380500 1.745443e+08
9381 9.381500 1.742238e+08
9382 9.382500 1.739038e+08
9383 9.383500 1.735844e+08
9384 9.384500 1.732655e+08
9385 9.385500 1.729472e+08
9386 9.386500 1.726294e+08
9387 9.387500 1.723122e+08
9388 9.388500 1.719956e+08
9389 9.389500 1.716795e+08
9390 9.390500 1.713640e+08
9391 9.391500 1.710490e+08
9392 9.392500 1.707346e+08
9393 9.393500 1.704207e+08
9394 9.394500 1.701074e+08
9395 9.395500 1.697946e+08
9396 9.396500 1.694824e+08
9397 9.397500 1.691707e+08
9398 9.398500 1.688595e+08
9399 9.399500 1.685490e+08
9400 9.400500 1.682389e+08
9401 9.401500 1.679294e+08
9402 9.402500 1.676204e+08
9403 9.403500 1.673120e+08
9404 9.404500 1.670041e+08
9405 9.405500 1.666968e+08
9406 9.406500 1.663900e+08
9407 9.407500 1.660837e+08
9408 9.408500 1.657780e+08
9409 9.409500 1.654728e+08
9410 9.410500 1.651682e+08
9411 9.411500 1.648640e+08
9412 9.412500 1.645605e+08
9413 9.413500 1.642574e+08
9414 9.414500 1.639549e+08
9415 9.415500 1.636529e+08
9416 9.416500 1.633514e+08
9417 9.417500 1.630505e+08
9418 9.418500 1.627501e+08
9419 9.419500 1.624502e+08
9420 9.420500 1.621509e+08
9421 9.421500 1.618521e+08
9422 9.422500 1.615538e+08
9423 9.423500 1.612560e+08
9424 9.424500 1.609587e+08
9425 9.425500 1.606620e+08
9426 9.426500 1.603658e+08
9427 9.427500 1.600701e+08
9428 9.428500 1.597749e+08
9429 9.429500 1.594803e+08
9430 9.430500 1.591862e+08
9431 9.431500 1.588925e+08
9432 9.432500 1.585994e+08
9433 9.433500 1.583069e+08
9434 9.434500 1.580148e+08
9435 9.435500 1.577232e+08
9436 9.436500 1.574322e+08
9437 9.437500 1.571417e+08
9438 9.438500 1.568516e+08
9439 9.439500 1.565621e+08
9440 9.440500 1.562731e+08
9441 9.441500 1.559846e+08
9442 9.442500 1.556967e+08
9443 9.443500 1.554092e+08
9444 9.444500 1.551222e+08
9445 9.445500 1.548357e+08
9446 9.446500 1.545498e+08
9447 9.447500 1.542643e+08
9448 9.448500 1.539794e+08
9449 9.449500 1.536949e+08
9450 9.450500 1.534110e+08
9451 9.451500 1.531275e+08
9452 9.452500 1.528446e+08
9453 9.453500 1.525621e+08
9454 9.454500 1.522802e+08
9455 9.455500 1.519987e+08
9456 9.456500 1.517177e+08
9457 9.457500 1.514373e+08
9458 9.458500 1.511573e+08
9459 9.459500 1.508778e+08
9460 9.460500 1.505988e+08
9461 9.461500 1.503203e+08
9462 9.462500 1.500423e+08
9463 9.463500 1.497648e+08
9464 9.464500 1.494878e+08
9465 9.465500 1.492112e+08
9466 9.466500 1.489352e+08
9467 9.467500 1.486596e+08
9468 9.468500 1.483845e+08
9469 9.469500 1.481100e+08
9470 9.470500 1.478358e+08
9471 9.471500 1.475622e+08
9472 9.472500 1.472891e+08
9473 9.473500 1.470164e+08
9474 9.474500 1.467442e+08
9475 9.475500 1.464725e+08
9476 9.476500 1.462013e+08
9477 9.477500 1.459306e+08
9478 9.478500 1.456603e+08
9479 9.479500 1.453906e+08
9480 9.480500 1.451212e+08
9481 9.481500 1.448524e+08
9482 9.482500 1.445841e+08
9483 9.483500 1.443162e+08
9484 9.484500 1.440488e+08
9485 9.485500 1.437818e+08
9486 9.486500 1.435154e+08
9487 9.487500 1.432494e+08
9488 9.488500 1.429839e+08
9489 9.489500 1.427188e+08
9490 9.490500 1.424542e+08
9491 9.491500 1.421901e+08
9492 9.492500 1.419264e+08
9493 9.493500 1.416633e+08
9494 9.494500 1.414005e+08
9495 9.495500 1.411383e+08
9496 9.496500 1.408765e+08
9497 9.497500 1.406152e+08
9498 9.498500 1.403543e+08
9499 9.499500 1.400939e+08
9500 9.500500 1.398340e+08
9501 9.501500 1.395745e+08
9502 9.502500 1.393155e+08
9503 9.503500 1.390569e+08
9504 9.504500 1.387988e+08
9505 9.505500 1.385411e+08
9506 9.506500 1.382839e+08
9507 9.507500 1.380272e+08
9508 9.508500 1.377709e+08
9509 9.509500 1.375151e+08
9510 9.510500 1.372597e+08
9511 9.511500 1.370048e+08
9512 9.512500 1.367503e+08
9513 9.513500 1.364963e+08
9514 9.514500 1.362427e+08
9515 9.515500 1.359896e+08
9516 9.516500 1.357369e+08
9517 9.517500 1.354847e+08
9518 9.518500 1.352329e+08
9519 9.519500 1.349816e+08
9520 9.520500 1.347307e+08
9521 9.521500 1.344803e+08
9522 9.522500 1.342303e+08
9523 9.523500 1.339807e+08
9524 9.524500 1.337316e+08
9525 9.525500 1.334829e+08
9526 9.526500 1.332347e+08
9527 9.527500 1.329869e+08
9528 9.528500 1.327396e+08
9529 9.529500 1.324927e+08
9530 9.530500 1.322462e+08
9531 9.531500 1.320001e+08
9532 9.532500 1.317546e+08
9533 9.533500 1.315094e+08
9534 9.534500 1.312647e+08
9535 9.535500 1.310204e+08
9536 9.536500 1.307765e+08
9537 9.537500 1.305331e+08
9538 9.538500 1.302901e+08
9539 9.539500 1.300475e+08
9540 9.540500 1.298054e+08
9541 9.541500 1.295637e+08
9542 9.542500 1.293224e+08
9543 9.543500 1.290816e+08
9544 9.544500 1.288412e+08
9545 9.545500 1.286012e+08
9546 9.546500 1.283616e+08
9547 9.547500 1.281225e+08
9548 9.548500 1.278838e+08
9549 9.549500 1.276455e+08
9550 9.550500 1.274076e+08
9551 9.551500 1.271702e+08
9552 9.552500 1.269332e+08
9553 9.553500 1.266966e+08
9554 9.554500 1.264604e+08
9555 9.555500 1.262247e+08
9556 9.556500 1.259893e+08
9557 9.557500 1.257544e+08
9558 9.558500 1.255199e+08
9559 9.559500 1.252858e+08
9560 9.560500 1.250522e+08
9561 9.561500 1.248189e+08
9562 9.562500 1.245861e+08
9563 9.563500 1.243537e+08
9564 9.564500 1.241217e+08
9565 9.565500 1.238901e+08
9566 9.566500 1.236589e+08
9567 9.567500 1.234281e+08
9568 9.568500 1.231978e+08
9569 9.569500 1.229678e+08
9570 9.570500 1.227383e+08
9571 9.571500 1.225092e+08
9572 9.572500 1.222805e+08
9573 9.573500 1.220521e+08
9574 9.574500 1.218242e+08
9575 9.575500 1.215967e+08
9576 9.576500 1.213696e+08
9577 9.577500 1.211430e+08
9578 9.578500 1.209167e+08
9579 9.579500 1.206908e+08
9580 9.580500 1.204653e+08
9581 9.581500 1.202402e+08
9582 9.582500 1.200156e+08
9583 9.583500 1.197913e+08
9584 9.584500 1.195674e+08
9585 9.585500 1.193439e+08
9586 9.586500 1.191209e+08
9587 9.587500 1.188982e+08
9588 9.588500 1.186759e+08
9589 9.589500 1.184540e+08
9590 9.590500 1.182325e+08
9591 9.591500 1.180115e+08
9592 9.592500 1.177908e+08
9593 9.593500 1.175705e+08
9594 9.594500 1.173505e+08
9595 9.595500 1.171310e+08
9596 9.596500 1.169119e+08
9597 9.597500 1.166932e+08
9598 9.598500 1.164748e+08
9599 9.599500 1.162569e+08
9600 9.600500 1.160393e+08
9601 9.601500 1.158221e+08
9602 9.602500 1.156053e+08
9603 9.603500 1.153889e+08
9604 9.604500 1.151729e+08
9605 9.605500 1.149573e+08
9606 9.606500 1.147421e+08
9607 9.607500 1.145272e+08
9608 9.608500 1.143127e+08
9609 9.609500 1.140986e+08
9610 9.610500 1.138849e+08
9611 9.611500 1.136716e+08
9612 9.612500 1.134587e+08
9613 9.613500 1.132461e+08
9614 9.614500 1.130339e+08
9615 9.615500 1.128221e+08
9616 9.616500 1.126107e+08
9617 9.617500 1.123997e+08
9618 9.618500 1.121890e+08
9619 9.619500 1.119787e+08
9620 9.620500 1.117688e+08
9621 9.621500 1.115593e+08
9622 9.622500 1.113501e+08
9623 9.623500 1.111413e+08
9624 9.624500 1.109329e+08
9625 9.625500 1.107249e+08
9626 9.626500 1.105172e+08
9627 9.627500 1.103099e+08
9628 9.628500 1.101030e+08
9629 9.629500 1.098964e+08
9630 9.630500 1.096902e+08
9631 9.631500 1.094844e+08
9632 9.632500 1.092790e+08
9633 9.633500 1.090739e+08
9634 9.634500 1.088692e+08
9635 9.635500 1.086648e+08
9636 9.636500 1.084609e+08
9637 9.637500 1.082572e+08
9638 9.638500 1.080540e+08
9639 9.639500 1.078511e+08
9640 9.640500 1.076486e+08
9641 9.641500 1.074464e+08
9642 9.642500 1.072447e+08
9643 9.643500 1.070432e+08
9644 9.644500 1.068422e+08
9645 9.645500 1.066414e+08
9646 9.646500 1.064411e+08
9647 9.647500 1.062411e+08
9648 9.648500 1.060415e+08
9649 9.649500 1.058422e+08
9650 9.650500 1.056433e+08
9651 9.651500 1.054447e+08
9652 9.652500 1.052465e+08
9653 9.653500 1.050487e+08
9654 9.654500 1.048512e+08
9655 9.655500 1.046541e+08
9656 9.656500 1.044573e+08
9657 9.657500 1.042609e+08
9658 9.658500 1.040648e+08
9659 9.659500 1.038691e+08
9660 9.660500 1.036737e+08
9661 9.661500 1.034787e+08
9662 9.662500 1.032840e+08
9663 9.663500 1.030897e+08
9664 9.664500 1.028957e+08
9665 9.665500 1.027021e+08
9666 9.666500 1.025088e+08
9667 9.667500 1.023159e+08
9668 9.668500 1.021233e+08
9669 9.669500 1.019311e+08
9670 9.670500 1.017392e+08
9671 9.671500 1.015477e+08
9672 9.672500 1.013565e+08
9673 9.673500 1.011656e+08
9674 9.674500 1.009751e+08
9675 9.675500 1.007849e+08
9676 9.676500 1.005951e+08
9677 9.677500 1.004056e+08
9678 9.678500 1.002165e+08
9679 9.679500 1.000277e+08
9680 9.680500 9.983921e+07
9681 9.681500 9.965109e+07
9682 9.682500 9.946331e+07
9683 9.683500 9.927586e+07
9684 9.684500 9.908875e+07
9685 9.685500 9.890198e+07
9686 9.686500 9.871554e+07
9687 9.687500 9.852944e+07
9688 9.688500 9.834368e+07
9689 9.689500 9.815825e+07
9690 9.690500 9.797316e+07
9691 9.691500 9.778839e+07
9692 9.692500 9.760396e+07
9693 9.693500 9.741987e+07
9694 9.694500 9.723610e+07
9695 9.695500 9.705267e+07
9696 9.696500 9.686957e+07
9697 9.697500 9.668679e+07
9698 9.698500 9.650435e+07
9699 9.699500 9.632224e+07
9700 9.700500 9.614045e+07
9701 9.701500 9.595899e+07
9702 9.702500 9.577786e+07
9703 9.703500 9.559706e+07
9704 9.704500 9.541658e+07
9705 9.705500 9.523643e+07
9706 9.706500 9.505660e+07
9707 9.707500 9.487710e+07
9708 9.708500 9.469792e+07
9709 9.709500 9.451906e+07
9710 9.710500 9.434053e+07
9711 9.711500 9.416232e+07
9712 9.712500 9.398443e+07
9713 9.713500 9.380686e+07
9714 9.714500 9.362962e+07
9715 9.715500 9.345269e+07
9716 9.716500 9.327608e+07
9717 9.717500 9.309980e+07
9718 9.718500 9.292383e+07
9719 9.719500 9.274817e+07
9720 9.720500 9.257284e+07
9721 9.721500 9.239782e+07
9722 9.722500 9.222312e+07
9723 9.723500 9.204873e+07
9724 9.724500 9.187466e+07
9725 9.725500 9.170091e+07
9726 9.726500 9.152747e+07
9727 9.727500 9.135434e+07
9728 9.728500 9.118152e+07
9729 9.729500 9.100902e+07
9730 9.730500 9.083683e+07
9731 9.731500 9.066495e+07
9732 9.732500 9.049338e+07
9733 9.733500 9.032212e+07
9734 9.734500 9.015118e+07
9735 9.735500 8.998054e+07
9736 9.736500 8.981021e+07
9737 9.737500 8.964019e+07
9738 9.738500 8.947047e+07
9739 9.739500 8.930106e+07
9740 9.740500 8.913196e+07
9741 9.741500 8.896317e+07
9742 9.742500 8.879468e+07
9743 9.743500 8.862650e+07
9744 9.744500 8.845862e+07
9745 9.745500 8.829104e+07
9746 9.746500 8.812377e+07
9747 9.747500 8.795680e+07
9748 9.748500 8.779014e+07
9749 9.749500 8.762377e+07
9750 9.750500 8.745771e+07
9751 9.751500 8.729195e+07
9752 9.752500 8.712649e+07
9753 9.753500 8.696132e+07
9754 9.754500 8.679646e+07
9755 9.755500 8.663190e+07
9756 9.756500 8.646763e+07
9757 9.757500 8.630367e+07
9758 9.758500 8.613999e+07
9759 9.759500 8.597662e+07
9760 9.760500 8.581354e+07
9761 9.761500 8.565076e+07
9762 9.762500 8.548828e+07
9763 9.763500 8.532609e+07
9764 9.764500 8.516419e+07
9765 9.765500 8.500258e+07
9766 9.766500 8.484127e+07
9767 9.767500 8.468026e+07
9768 9.768500 8.451953e+07
9769 9.769500 8.435910e+07
9770 9.770500 8.419896e+07
9771 9.771500 8.403910e+07
9772 9.772500 8.387954e+07
9773 9.773500 8.372027e+07
9774 9.774500 8.356129e+07
9775 9.775500 8.340259e+07
9776 9.776500 8.324419e+07
9777 9.777500 8.308607e+07
9778 9.778500 8.292824e+07
9779 9.779500 8.277070e+07
9780 9.780500 8.261344e+07
9781 9.781500 8.245647e+07
9782 9.782500 8.229978e+07
9783 9.783500 8.214338e+07
9784 9.784500 8.198726e+07
9785 9.785500 8.183143e+07
9786 9.786500 8.167587e+07
9787 9.787500 8.152061e+07
9788 9.788500 8.136562e+07
9789 9.789500 8.121092e+07
9790 9.790500 8.105649e+07
9791 9.791500 8.090235e+07
9792 9.792500 8.074849e+07
9793 9.793500 8.059491e+07
9794 9.794500 8.044161e+07
9795 9.795500 8.028858e+07
9796 9.796500 8.013584e+07
9797 9.797500 7.998337e+07
9798 9.798500 7.983118e+07
9799 9.799500 7.967927e+07
9800 9.800500 7.952763e+07
9801 9.801500 7.937627e+07
9802 9.802500 7.922519e+07
9803 9.803500 7.907438e+07
9804 9.804500 7.892385e+07
9805 9.805500 7.877359e+07
9806 9.806500 7.862360e+07
9807 9.807500 7.847388e+07
9808 9.808500 7.832444e+07
9809 9.809500 7.817527e+07
9810 9.810500 7.802638e+07
9811 9.811500 7.787775e+07
9812 9.812500 7.772940e+07
9813 9.813500 7.758131e+07
9814 9.814500 7.743350e+07
9815 9.815500 7.728595e+07
9816 9.816500 7.713868e+07
9817 9.817500 7.699167e+07
9818 9.818500 7.684493e+07
9819 9.819500 7.669846e+07
9820 9.820500 7.655225e+07
9821 9.821500 7.640631e+07
9822 9.822500 7.626064e+07
9823 9.823500 7.611523e+07
9824 9.824500 7.597009e+07
9825 9.825500 7.582521e+07
9826 9.826500 7.568060e+07
9827 9.827500 7.553625e+07
9828 9.828500 7.539217e+07
9829 9.829500 7.524835e+07
9830 9.830500 7.510479e+07
9831 9.831500 7.496149e+07
9832 9.832500 7.481845e+07
9833 9.833500 7.467568e+07
9834 9.834500 7.453316e+07
9835 9.835500 7.439091e+07
9836 9.836500 7.424892e+07
9837 9.837500 7.410718e+07
9838 9.838500 7.396570e+07
9839 9.839500 7.382449e+07
9840 9.840500 7.368353e+07
9841 9.841500 7.354283e+07
9842 9.842500 7.340238e+07
9843 9.843500 7.326219e+07
9844 9.844500 7.312226e+07
9845 9.845500 7.298258e+07
9846 9.846500 7.284316e+07
9847 9.847500 7.270400e+07
9848 9.848500 7.256508e+07
9849 9.849500 7.242643e+07
9850 9.850500 7.228802e+07
9851 9.851500 7.214987e+07
9852 9.852500 7.201197e+07
9853 9.853500 7.187433e+07
9854 9.854500 7.173693e+07
9855 9.855500 7.159979e+07
9856 9.856500 7.146290e+07
9857 9.857500 7.132625e+07
9858 9.858500 7.118986e+07
9859 9.859500 7.105372e+07
9860 9.860500 7.091783e+07
9861 9.861500 7.078218e+07
9862 9.862500 7.064679e+07
9863 9.863500 7.051164e+07
9864 9.864500 7.037674e+07
9865 9.865500 7.024208e+07
9866 9.866500 7.010768e+07
9867 9.867500 6.997352e+07
9868 9.868500 6.983960e+07
9869 9.869500 6.970593e+07
9870 9.870500 6.957251e+07
9871 9.871500 6.943933e+07
9872 9.872500 6.930639e+07
9873 9.873500 6.917370e+07
9874 9.874500 6.904125e+07
9875 9.875500 6.890904e+07
9876 9.876500 6.877707e+07
9877 9.877500 6.864535e+07
9878 9.878500 6.851387e+07
9879 9.879500 6.838263e+07
9880 9.880500 6.825163e+07
9881 9.881500 6.812087e+07
9882 9.882500 6.799035e+07
9883 9.883500 6.786007e+07
9884 9.884500 6.773003e+07
9885 9.885500 6.760023e+07
9886 9.886500 6.747066e+07
9887 9.887500 6.734133e+07
9888 9.888500 6.721224e+07
9889 9.889500 6.708339e+07
9890 9.890500 6.695477e+07
9891 9.891500 6.682639e+07
9892 9.892500 6.669825e+07
9893 9.893500 6.657034e+07
9894 9.894500 6.644266e+07
9895 9.895500 6.631522e+07
9896 9.896500 6.618802e+07
9897 9.897500 6.606105e+07
9898 9.898500 6.593431e+07
9899 9.899500 6.580780e+07
9900 9.900500 6.568153e+07
9901 9.901500 6.555548e+07
9902 9.902500 6.542967e+07
9903 9.903500 6.530409e+07
9904 9.904500 6.517874e+07
9905 9.905500 6.505363e+07
9906 9.906500 6.492874e+07
9907 9.907500 6.480408e+07
9908 9.908500 6.467965e+07
9909 9.909500 6.455545e+07
9910 9.910500 6.443147e+07
9911 9.911500 6.430773e+07
9912 9.912500 6.418421e+07
9913 9.913500 6.406092e+07
9914 9.914500 6.393786e+07
9915 9.915500 6.381502e+07
9916 9.916500 6.369241e+07
9917 9.917500 6.357002e+07
9918 9.918500 6.344786e+07
9919 9.919500 6.332593e+07
9920 9.920500 6.320422e+07
9921 9.921500 6.308273e+07
9922 9.922500 6.296147e+07
9923 9.923500 6.284043e+07
9924 9.924500 6.271961e+07
9925 9.925500 6.259901e+07
9926 9.926500 6.247864e+07
9927 9.927500 6.235849e+07
9928 9.928500 6.223856e+07
9929 9.929500 6.211885e+07
9930 9.930500 6.199936e+07
9931 9.931500 6.188009e+07
9932 9.932500 6.176104e+07
9933 9.933500 6.164221e+07
9934 9.934500 6.152360e+07
9935 9.935500 6.140521e+07
9936 9.936500 6.128704e+07
9937 9.937500 6.116908e+07
9938 9.938500 6.105134e+07
9939 9.939500 6.093382e+07
9940 9.940500 6.081652e+07
9941 9.941500 6.069943e+07
9942 9.942500 6.058255e+07
9943 9.943500 6.046590e+07
9944 9.944500 6.034945e+07
9945 9.945500 6.023323e+07
9946 9.946500 6.011721e+07
9947 9.947500 6.000142e+07
9948 9.948500 5.988583e+07
9949 9.949500 5.977046e+07
9950 9.950500 5.965530e+07
9951 9.951500 5.954035e+07
9952 9.952500 5.942562e+07
9953 9.953500 5.931109e+07
9954 9.954500 5.919678e+07
9955 9.955500 5.908268e+07
9956 9.956500 5.896879e+07
9957 9.957500 5.885511e+07
9958 9.958500 5.874164e+07
9959 9.959500 5.862838e+07
9960 9.960500 5.851533e+07
9961 9.961500 5.840249e+07
9962 9.962500 5.828986e+07
9963 9.963500 5.817743e+07
9964 9.964500 5.806521e+07
9965 9.965500 5.795320e+07
9966 9.966500 5.784140e+07
9967 9.967500 5.772980e+07
9968 9.968500 5.761841e+07
9969 9.969500 5.750723e+07
9970 9.970500 5.739625e+07
9971 9.971500 5.728547e+07
9972 9.972500 5.717490e+07
9973 9.973500 5.706454e+07
9974 9.974500 5.695438e+07
9975 9.975500 5.684442e+07
9976 9.976500 5.673467e+07
9977 9.977500 5.662512e+07
9978 9.978500 5.651577e+07
9979 9.979500 5.640662e+07
9980 9.980500 5.629768e+07
9981 9.981500 5.618894e+07
9982 9.982500 5.608040e+07
9983 9.983500 5.597206e+07
9984 9.984500 5.586392e+07
9985 9.985500 5.575598e+07
9986 9.986500 5.564824e+07
9987 9.987500 5.554070e+07
9988 9.988500 5.543336e+07
9989 9.989500 5.532622e+07
9990 9.990500 5.521927e+07
9991 9.991500 5.511253e+07
9992 9.992500 5.500598e+07
9993 9.993500 5.489963e+07
9994 9.994500 5.479347e+07
9995 9.995500 5.468752e+07
9996 9.996500 5.458176e+07
9997 9.997500 5.447619e+07
9998 9.998500 5.437082e+07
9999 9.999500 5.426565e+07
